date,zone_1,zone_2,zone_3,zone_4,zone_5
2004-01-01,1486969.0,402200.0,3258627.0,3515963.0,14661.0
2004-01-02,1426468.0,409477.0,3698050.0,3990102.0,14196.0
2004-01-03,1320876.0,368016.0,3330975.0,3594026.0,12355.0
2004-01-04,1170487.0,326785.0,3173938.0,3424578.0,11352.0
2004-01-05,1219942.0,348839.0,4046833.0,4366437.0,11506.0
2004-01-06,1606993.0,521793.0,4724497.0,5097642.0,14952.0
2004-01-07,1968050.0,663385.0,5392437.0,5818345.0,18067.0
2004-01-08,1945891.0,618726.0,5230353.0,5643461.0,17165.0
2004-01-09,1889552.0,608845.0,4938671.0,5328731.0,16745.0
2004-01-10,2103718.0,654233.0,5352922.0,5775712.0,18058.0
2004-01-11,2213188.0,698740.0,5048471.0,5447208.0,18348.0
2004-01-12,1731053.0,497215.0,4554831.0,4914567.0,14784.0
2004-01-13,1602672.0,447034.0,4496018.0,4851110.0,14916.0
2004-01-14,1684888.0,493925.0,4779945.0,5157464.0,15084.0
2004-01-15,1636839.0,494945.0,4989333.0,5383388.0,16077.0
2004-01-16,1899538.0,577138.0,5520897.0,5956952.0,18199.0
2004-01-17,1843769.0,535128.0,4863205.0,5247304.0,18290.0
2004-01-18,1607499.0,473455.0,4310494.0,4650925.0,16001.0
2004-01-19,1809168.0,588624.0,5257342.0,5672580.0,17273.0
2004-01-20,1982888.0,650131.0,5419830.0,5847899.0,18182.0
2004-01-21,1977175.0,647076.0,5418138.0,5846076.0,18710.0
2004-01-22,1780490.0,541922.0,4988787.0,5382807.0,17046.0
2004-01-23,1873908.0,598802.0,5399707.0,5826190.0,18488.0
2004-01-24,1723368.0,514386.0,5057322.0,5456753.0,18155.0
2004-01-25,2205497.0,727768.0,5375522.0,5800097.0,19319.0
2004-01-26,2253484.0,752017.0,5481182.0,5914101.0,17913.0
2004-01-27,2033684.0,637944.0,5290501.0,5708361.0,16165.0
2004-01-28,1982315.0,640669.0,5208194.0,5619552.0,17746.0
2004-01-29,1834659.0,543388.0,4911427.0,5299335.0,16361.0
2004-01-30,1763622.0,554822.0,5109784.0,5513363.0,16633.0
2004-01-31,2068604.0,692317.0,5295329.0,5713566.0,19141.0
2004-02-01,1879943.0,595857.0,4894323.0,5280878.0,17591.0
2004-02-02,1709072.0,588250.0,5143120.0,5549333.0,16229.0
2004-02-03,1566647.0,518615.0,4829194.0,5210607.0,15211.0
2004-02-04,1599308.0,482195.0,4577317.0,4938833.0,14829.0
2004-02-05,1743235.0,579788.0,4945595.0,5336199.0,16333.0
2004-02-06,1666543.0,587344.0,4699184.0,5070328.0,7791.0
2004-02-07,1550706.0,527278.0,4291406.0,4630334.0,12628.0
2004-02-08,1668556.0,545548.0,4460672.0,4812971.0,14718.0
2004-02-09,1709439.0,552083.0,4724435.0,5097569.0,16441.0
2004-02-10,1510555.0,474181.0,4285273.0,4623716.0,14785.0
2004-02-11,1522678.0,477764.0,4378506.0,4724310.0,14847.0
2004-02-12,1648866.0,517035.0,4474805.0,4828216.0,14753.0
2004-02-13,1541950.0,468096.0,4498054.0,4853308.0,14501.0
2004-02-14,1494582.0,463491.0,4380600.0,4726571.0,16028.0
2004-02-15,1612816.0,519970.0,4468162.0,4821049.0,16116.0
2004-02-16,1798602.0,581618.0,5248530.0,5663065.0,16319.0
2004-02-17,1913336.0,597875.0,5196936.0,5607403.0,15730.0
2004-02-18,1672902.0,543771.0,4950170.0,5341139.0,15559.0
2004-02-19,1470915.0,429512.0,4435079.0,4785357.0,14023.0
2004-02-20,1331475.0,398988.0,4202881.0,4534813.0,13827.0
2004-02-21,1202497.0,389689.0,3955018.0,4267365.0,14702.0
2004-02-22,1380043.0,453487.0,4208131.0,4540475.0,15028.0
2004-02-23,1503684.0,481594.0,4557304.0,4917235.0,14491.0
2004-02-24,1398020.0,443550.0,4672935.0,5042009.0,14407.0
2004-02-25,1535181.0,465045.0,4712306.0,5084482.0,14472.0
2004-02-26,1753315.0,553156.0,4905889.0,5293359.0,16000.0
2004-02-27,1584224.0,461507.0,4525311.0,4882715.0,14927.0
2004-02-28,1477935.0,457216.0,4048414.0,4368143.0,15206.0
2004-02-29,1389339.0,423322.0,3815717.0,4117062.0,14472.0
2004-03-01,1365555.0,374131.0,4009059.0,4325679.0,12747.0
2004-03-02,1239152.0,333853.0,3740613.0,4036021.0,11738.0
2004-03-03,1187922.0,335324.0,3756324.0,4052979.0,11830.0
2004-03-04,1205441.0,311930.0,3846439.0,4150208.0,11715.0
2004-03-05,1151619.0,301368.0,3717870.0,4011485.0,11334.0
2004-03-06,1169293.0,310795.0,3298069.0,3558520.0,11989.0
2004-03-07,1183744.0,320288.0,3402088.0,3670759.0,12714.0
2004-03-08,1478839.0,436611.0,4367020.0,4711914.0,14153.0
2004-03-09,1522708.0,453023.0,4532180.0,4890127.0,14206.0
2004-03-10,1618233.0,450177.0,4540474.0,4899080.0,13934.0
2004-03-11,1545563.0,443043.0,4319409.0,4660545.0,13826.0
2004-03-12,1366042.0,372656.0,4189780.0,4520682.0,14405.0
2004-03-13,1464365.0,423125.0,3701077.0,3993367.0,15544.0
2004-03-14,1375317.0,376916.0,3543204.0,3823020.0,14203.0
2004-03-15,1237939.0,327863.0,3434776.0,3706025.0,11932.0
2004-03-16,1306138.0,396414.0,4133140.0,4459564.0,12948.0
2004-03-17,1473489.0,435715.0,4231530.0,4565725.0,13642.0
2004-03-18,1535099.0,409282.0,4018722.0,4336105.0,13388.0
2004-03-19,1339173.0,358918.0,3805319.0,4105840.0,13824.0
2004-03-20,1377089.0,391165.0,3441124.0,3712877.0,13919.0
2004-03-21,1267610.0,372889.0,3391587.0,3659424.0,13719.0
2004-03-22,1681250.0,497954.0,4344935.0,4688093.0,14679.0
2004-03-23,1667298.0,477075.0,4165497.0,4494477.0,13910.0
2004-03-24,1475860.0,414996.0,3755526.0,4052120.0,13066.0
2004-03-25,1271181.0,336976.0,3305921.0,3566990.0,11403.0
2004-03-26,1167709.0,306031.0,3102747.0,3347766.0,11075.0
2004-03-27,1127125.0,316257.0,2714411.0,2928753.0,11687.0
2004-03-28,1119333.0,308587.0,2684919.0,2896923.0,11281.0
2004-03-29,1292209.0,333941.0,3295561.0,3555815.0,11117.0
2004-03-30,1419903.0,403800.0,3790004.0,4089322.0,12174.0
2004-03-31,1370868.0,414142.0,3778295.0,4076685.0,12688.0
2004-04-01,1298600.0,387838.0,3881036.0,4187539.0,12915.0
2004-04-02,1332055.0,406332.0,3976996.0,4291085.0,13170.0
2004-04-03,1286582.0,396503.0,3417182.0,3687041.0,13163.0
2004-04-04,1299635.0,416434.0,3581733.0,3864595.0,13438.0
2004-04-05,1392649.0,430457.0,4220276.0,4553585.0,13630.0
2004-04-06,1340784.0,389716.0,3817085.0,4118537.0,12477.0
2004-04-07,1175919.0,331260.0,3330812.0,3593848.0,11259.0
2004-04-08,1092163.0,312365.0,3609647.0,3894712.0,11149.0
2004-04-09,1079607.0,312402.0,3370484.0,3636653.0,11292.0
2004-04-10,1179128.0,346078.0,3161124.0,3410753.0,12007.0
2004-04-11,1213696.0,344299.0,3359895.0,3625228.0,12036.0
2004-04-12,1394740.0,428615.0,4167607.0,4496750.0,12756.0
2004-04-13,1275970.0,388398.0,4190340.0,4521283.0,12119.0
2004-04-14,1225542.0,399502.0,4063401.0,4384314.0,12432.0
2004-04-15,1128211.0,362996.0,3856631.0,4161211.0,11725.0
2004-04-16,1064804.0,336689.0,3643692.0,3931451.0,11294.0
2004-04-17,972809.0,331702.0,3154611.0,3403724.0,11359.0
2004-04-18,962562.0,351336.0,3137358.0,3385113.0,10969.0
2004-04-19,1067011.0,356241.0,3723505.0,4017569.0,10537.0
2004-04-20,1172514.0,350827.0,3721037.0,4014907.0,10053.0
2004-04-21,1223174.0,336173.0,3656607.0,3945386.0,9926.0
2004-04-22,1210433.0,337660.0,3648208.0,3936322.0,9765.0
2004-04-23,1238966.0,340396.0,3578860.0,3861493.0,10105.0
2004-04-24,1200120.0,356530.0,3119648.0,3366005.0,10589.0
2004-04-25,1118512.0,325254.0,2951518.0,3184586.0,10397.0
2004-04-26,1119447.0,315408.0,3446066.0,3718212.0,9983.0
2004-04-27,1105181.0,313706.0,3534757.0,3813910.0,10499.0
2004-04-28,1166316.0,337131.0,3608207.0,3893159.0,10536.0
2004-04-29,1162632.0,318229.0,3483329.0,3758419.0,10221.0
2004-04-30,1097117.0,303539.0,3180264.0,3431414.0,10167.0
2004-05-01,1092892.0,316088.0,2950233.0,3183205.0,10646.0
2004-05-02,1141228.0,336202.0,2999990.0,3236891.0,10604.0
2004-05-03,1158364.0,320619.0,3352174.0,3616902.0,10665.0
2004-05-04,1230935.0,341482.0,3532339.0,3811298.0,10535.0
2004-05-05,1207449.0,321891.0,3517352.0,3795125.0,10185.0
2004-05-06,1204364.0,345140.0,3506653.0,3783580.0,10322.0
2004-05-07,1331693.0,391461.0,3612673.0,3897975.0,10320.0
2004-05-08,1201148.0,354641.0,3021176.0,3259749.0,10612.0
2004-05-09,1257425.0,375007.0,3192568.0,3444678.0,10976.0
2004-05-10,1386439.0,399277.0,3907890.0,4216521.0,10969.0
2004-05-11,1374454.0,409914.0,4074543.0,4396334.0,10711.0
2004-05-12,1330586.0,397526.0,4136250.0,4462918.0,10923.0
2004-05-13,1344521.0,386295.0,4157391.0,4485727.0,10584.0
2004-05-14,1372882.0,394457.0,4000607.0,4316557.0,11256.0
2004-05-15,1384848.0,411630.0,3446352.0,3718515.0,11703.0
2004-05-16,1268377.0,370049.0,3209019.0,3462441.0,11261.0
2004-05-17,1263793.0,359097.0,3758517.0,4055335.0,10972.0
2004-05-18,1360360.0,385575.0,3798754.0,4098757.0,10576.0
2004-05-19,1351396.0,389430.0,3630007.0,3916685.0,10769.0
2004-05-20,1350243.0,395605.0,3588468.0,3871861.0,11146.0
2004-05-21,1510417.0,415136.0,3603068.0,3887614.0,11677.0
2004-05-22,1539228.0,436409.0,3525676.0,3804110.0,12443.0
2004-05-23,1548389.0,448782.0,3880966.0,4187464.0,12495.0
2004-05-24,1559582.0,452045.0,4333228.0,4675459.0,11859.0
2004-05-25,1606197.0,466738.0,4300209.0,4639832.0,11686.0
2004-05-26,1508293.0,431208.0,4032621.0,4351104.0,10673.0
2004-05-27,1461789.0,417618.0,3954431.0,4266736.0,10860.0
2004-05-28,1415759.0,400678.0,3678310.0,3968801.0,11220.0
2004-05-29,1352866.0,422332.0,2924387.0,3155316.0,11846.0
2004-05-30,1159934.0,341410.0,2838819.0,3062985.0,11765.0
2004-05-31,1408145.0,403734.0,3030696.0,3270023.0,12126.0
2004-06-01,1364181.0,381212.0,3558751.0,3839802.0,10652.0
2004-06-02,1406961.0,382697.0,3698205.0,3990270.0,10762.0
2004-06-03,1423423.0,405154.0,3717894.0,4011507.0,10844.0
2004-06-04,1164915.0,330433.0,3388601.0,3656208.0,10543.0
2004-06-05,1123622.0,339176.0,2991290.0,3227505.0,11152.0
2004-06-06,1153756.0,354542.0,2929607.0,3160948.0,11039.0
2004-06-07,1242144.0,396751.0,3734204.0,4029109.0,10924.0
2004-06-08,1343383.0,406867.0,4348108.0,4691513.0,11821.0
2004-06-09,1594742.0,458214.0,4745498.0,5120298.0,11977.0
2004-06-10,1636859.0,456039.0,4530077.0,4887863.0,11934.0
2004-06-11,1644362.0,467032.0,3892922.0,4200372.0,12129.0
2004-06-12,1308902.0,372039.0,3414254.0,3683882.0,11561.0
2004-06-13,1197674.0,351393.0,3264899.0,3522729.0,11336.0
2004-06-14,1442657.0,420706.0,4347408.0,4690756.0,11703.0
2004-06-15,1517205.0,432348.0,4701900.0,5073257.0,11801.0
2004-06-16,1588063.0,469576.0,4621661.0,4986674.0,12191.0
2004-06-17,1746426.0,529520.0,4876761.0,5261928.0,12746.0
2004-06-18,1799073.0,523605.0,4742992.0,5117596.0,12727.0
2004-06-19,1706026.0,501458.0,3924585.0,4234530.0,11822.0
2004-06-20,1377561.0,412090.0,3269127.0,3527291.0,10972.0
2004-06-21,1327693.0,366186.0,3853985.0,4158356.0,9898.0
2004-06-22,1530840.0,462946.0,4348043.0,4691446.0,11447.0
2004-06-23,1476537.0,408786.0,4136872.0,4463589.0,11085.0
2004-06-24,1542711.0,463999.0,4390834.0,4737617.0,11495.0
2004-06-25,1456413.0,395767.0,4180288.0,4510435.0,11120.0
2004-06-26,1441479.0,421961.0,3689022.0,3980359.0,10817.0
2004-06-27,1298737.0,371817.0,3471748.0,3745922.0,10975.0
2004-06-28,1395491.0,408606.0,4159377.0,4487870.0,10433.0
2004-06-29,1532826.0,428212.0,4045792.0,4365316.0,10358.0
2004-06-30,1554646.0,449673.0,4092786.0,4416021.0,10922.0
2004-07-01,1597664.0,471618.0,4365656.0,4710447.0,11117.0
2004-07-02,1752090.0,528579.0,4599196.0,4962434.0,11608.0
2004-07-03,1765731.0,525661.0,3904395.0,4212748.0,12670.0
2004-07-04,1772321.0,521889.0,3556637.0,3837512.0,12791.0
2004-07-05,1879248.0,553013.0,4033180.0,4351705.0,12851.0
2004-07-06,1866119.0,567916.0,4640174.0,5006658.0,11960.0
2004-07-07,1747073.0,529653.0,4586672.0,4948925.0,11239.0
2004-07-08,1796479.0,525625.0,4529474.0,4887206.0,11079.0
2004-07-09,1834337.0,543250.0,4506875.0,4862826.0,11794.0
2004-07-10,1803845.0,488057.0,3588729.0,3872142.0,11842.0
2004-07-11,1732579.0,501131.0,3898874.0,4206791.0,12150.0
2004-07-12,1730176.0,531493.0,4245361.0,4580652.0,12098.0
2004-07-13,1887662.0,551144.0,4278307.0,4616197.0,12125.0
2004-07-14,1856043.0,548395.0,4270341.0,4607606.0,11736.0
2004-07-15,1661030.0,470924.0,3938473.0,4249518.0,10826.0
2004-07-16,1608138.0,454805.0,3865873.0,4171182.0,11161.0
2004-07-17,1614484.0,428195.0,3295740.0,3556003.0,11346.0
2004-07-18,1539854.0,430881.0,3122264.0,3368826.0,11072.0
2004-07-19,1657123.0,467347.0,3826856.0,4129078.0,10996.0
2004-07-20,1619783.0,470510.0,4151897.0,4479801.0,10893.0
2004-07-21,1686391.0,495726.0,4411423.0,4759830.0,11385.0
2004-07-22,1745120.0,459614.0,4582148.0,4944044.0,11464.0
2004-07-23,1759006.0,512512.0,4381723.0,4727788.0,12476.0
2004-07-24,1581526.0,482974.0,3694594.0,3986367.0,12136.0
2004-07-25,1478813.0,422021.0,3166005.0,3416018.0,11942.0
2004-07-26,1682833.0,427562.0,3775904.0,4074100.0,12069.0
2004-07-27,1757158.0,448391.0,4139881.0,4466838.0,12044.0
2004-07-28,1722892.0,486583.0,4257009.0,4593217.0,12006.0
2004-07-29,1620587.0,426373.0,4207650.0,4539958.0,11548.0
2004-07-30,1761262.0,500639.0,4416303.0,4765095.0,12318.0
2004-07-31,1873764.0,544399.0,4192179.0,4523265.0,13083.0
2004-08-01,1802866.0,563110.0,3996793.0,4312446.0,13510.0
2004-08-02,1691321.0,505743.0,4354740.0,4698668.0,12714.0
2004-08-03,1731175.0,528318.0,4523457.0,4880715.0,12572.0
2004-08-04,1842279.0,550730.0,4605893.0,4969662.0,12586.0
2004-08-05,1611219.0,427418.0,3963991.0,4277047.0,11500.0
2004-08-06,1366906.0,370184.0,3455480.0,3728360.0,10890.0
2004-08-07,1355836.0,367246.0,3076736.0,3319705.0,11423.0
2004-08-08,1402147.0,388860.0,3092237.0,3336422.0,11384.0
2004-08-09,1500301.0,436400.0,3875497.0,4181562.0,11318.0
2004-08-10,1616661.0,457021.0,4343332.0,4686362.0,11304.0
2004-08-11,1651531.0,455205.0,4334565.0,4676907.0,11439.0
2004-08-12,1474079.0,386834.0,3928590.0,4238853.0,11075.0
2004-08-13,1462277.0,398899.0,3746871.0,4042770.0,11060.0
2004-08-14,1317573.0,348892.0,3202992.0,3455934.0,11415.0
2004-08-15,1235424.0,360417.0,3334488.0,3597816.0,11416.0
2004-08-16,1484702.0,414364.0,3913629.0,4222706.0,10956.0
2004-08-17,1455677.0,403509.0,4110045.0,4434645.0,10346.0
2004-08-18,1509270.0,457849.0,4252142.0,4587970.0,10727.0
2004-08-19,1774698.0,505005.0,4520258.0,4877266.0,11204.0
2004-08-20,1849521.0,525097.0,4609515.0,4973571.0,11832.0
2004-08-21,1746287.0,472373.0,3705511.0,3998144.0,11858.0
2004-08-22,1514517.0,410427.0,3384562.0,3651847.0,11226.0
2004-08-23,1562947.0,436140.0,4053485.0,4373620.0,10997.0
2004-08-24,1625293.0,455183.0,4292129.0,4631116.0,10779.0
2004-08-25,1583637.0,414408.0,4266002.0,4602923.0,10566.0
2004-08-26,1593756.0,408858.0,4254672.0,4590696.0,10127.0
2004-08-27,1679052.0,455280.0,4372035.0,4717331.0,10887.0
2004-08-28,1750659.0,492070.0,4362595.0,4707143.0,12099.0
2004-08-29,1673258.0,457022.0,4321474.0,4662771.0,11724.0
2004-08-30,1463664.0,438348.0,4652204.0,5019632.0,11075.0
2004-08-31,1680707.0,464822.0,4492878.0,4847715.0,10702.0
2004-09-01,1440101.0,441969.0,4189771.0,4520662.0,10427.0
2004-09-02,1378050.0,404232.0,4054537.0,4374749.0,10337.0
2004-09-03,1436077.0,398829.0,3952064.0,4264181.0,11070.0
2004-09-04,1509070.0,427841.0,3592605.0,3876323.0,12142.0
2004-09-05,1491650.0,431512.0,3336000.0,3599447.0,12392.0
2004-09-06,1439887.0,372441.0,2976499.0,3211540.0,12024.0
2004-09-07,1440075.0,377666.0,3832630.0,4135314.0,10650.0
2004-09-08,1526543.0,387828.0,4125620.0,4451448.0,10809.0
2004-09-09,1531674.0,408280.0,4052937.0,4373025.0,10289.0
2004-09-10,1448369.0,384081.0,3876378.0,4182517.0,10452.0
2004-09-11,1448197.0,386706.0,3474390.0,3748768.0,10799.0
2004-09-12,1418581.0,393739.0,3508083.0,3785124.0,10435.0
2004-09-13,1393396.0,386005.0,3985023.0,4299741.0,9961.0
2004-09-14,1328633.0,364060.0,3770509.0,4068283.0,9653.0
2004-09-15,1269653.0,358817.0,3660105.0,3949153.0,9943.0
2004-09-16,1327189.0,358812.0,3872244.0,4178053.0,10344.0
2004-09-17,1435457.0,370608.0,3825474.0,4127589.0,11059.0
2004-09-18,1239474.0,329999.0,3123592.0,3370261.0,11299.0
2004-09-19,1170226.0,315658.0,2901212.0,3130315.0,11093.0
2004-09-20,1189658.0,318378.0,3357855.0,3623024.0,10665.0
2004-09-21,1239351.0,330360.0,3529995.0,3808769.0,10318.0
2004-09-22,1334588.0,370797.0,3690208.0,3981640.0,10474.0
2004-09-23,1361982.0,381775.0,3749676.0,4045805.0,10496.0
2004-09-24,1316216.0,363108.0,3707517.0,4000320.0,10911.0
2004-09-25,1265488.0,361829.0,3290446.0,3550292.0,11125.0
2004-09-26,1270068.0,359850.0,3166947.0,3417042.0,10803.0
2004-09-27,1255105.0,332498.0,3583998.0,3867039.0,10073.0
2004-09-28,1308595.0,349388.0,3650207.0,3938474.0,10332.0
2004-09-29,1241765.0,353435.0,3621196.0,3907176.0,10046.0
2004-09-30,1238417.0,341625.0,3616844.0,3902478.0,10090.0
2004-10-01,1204240.0,317636.0,3475646.0,3750130.0,10937.0
2004-10-02,1242890.0,346141.0,3185705.0,3437274.0,11300.0
2004-10-03,1162560.0,322484.0,3010805.0,3248558.0,10967.0
2004-10-04,1207462.0,337951.0,3457758.0,3730821.0,10674.0
2004-10-05,1145427.0,318931.0,3429584.0,3700422.0,10560.0
2004-10-06,1152505.0,322662.0,3549454.0,3829767.0,11318.0
2004-10-07,1182105.0,331476.0,3588539.0,3871935.0,11225.0
2004-10-08,1170973.0,328612.0,3507253.0,3784226.0,11924.0
2004-10-09,1161093.0,318942.0,3120279.0,3366685.0,12790.0
2004-10-10,1134533.0,324383.0,2988441.0,3224428.0,11793.0
2004-10-11,1149313.0,327920.0,3515319.0,3792930.0,11632.0
2004-10-12,1094473.0,328477.0,3655085.0,3943744.0,11430.0
2004-10-13,1114157.0,335520.0,3775988.0,4074193.0,11323.0
2004-10-14,1165183.0,328205.0,3664358.0,3953746.0,10855.0
2004-10-15,1143211.0,321736.0,3496174.0,3772278.0,11646.0
2004-10-16,1194317.0,349211.0,3293118.0,3553176.0,13478.0
2004-10-17,1221817.0,349908.0,3247370.0,3503814.0,12841.0
2004-10-18,1253147.0,364319.0,3766320.0,4063762.0,11936.0
2004-10-19,1166167.0,331675.0,3692671.0,3984298.0,10779.0
2004-10-20,1185265.0,329957.0,3761647.0,4058717.0,11156.0
2004-10-21,1168825.0,341518.0,3744827.0,4040569.0,11255.0
2004-10-22,1185129.0,343484.0,3691143.0,3982649.0,12146.0
2004-10-23,1261809.0,356803.0,3283159.0,3542428.0,13404.0
2004-10-24,1236401.0,348126.0,3385756.0,3653129.0,12489.0
2004-10-25,1211114.0,333425.0,3674350.0,3964530.0,11455.0
2004-10-26,1195766.0,322157.0,3688056.0,3979315.0,11010.0
2004-10-27,1206143.0,349210.0,3688451.0,3979747.0,11349.0
2004-10-28,1180915.0,352952.0,3643302.0,3931026.0,11257.0
2004-10-29,1151562.0,329790.0,3535892.0,3815134.0,11570.0
2004-10-30,1109201.0,319388.0,3149454.0,3398162.0,11942.0
2004-10-31,1098264.0,308378.0,2975335.0,3210293.0,11380.0
2004-11-01,1195117.0,325415.0,3438653.0,3710208.0,10915.0
2004-11-02,1184639.0,330780.0,3564811.0,3846333.0,10800.0
2004-11-03,1173426.0,324829.0,3521293.0,3799376.0,10531.0
2004-11-04,1281614.0,360530.0,3860100.0,4164950.0,12154.0
2004-11-05,1309287.0,365098.0,3795291.0,4095024.0,13035.0
2004-11-06,1345045.0,370877.0,3420173.0,3690267.0,14081.0
2004-11-07,1264799.0,341045.0,3158828.0,3408283.0,13085.0
2004-11-08,1210889.0,348911.0,3673751.0,3963880.0,12568.0
2004-11-09,1433985.0,416715.0,4259297.0,4595692.0,13938.0
2004-11-10,1543261.0,434519.0,4298418.0,4637898.0,13900.0
2004-11-11,1450064.0,423169.0,3975748.0,4289733.0,13638.0
2004-11-12,1356145.0,389119.0,4009268.0,4325906.0,14520.0
2004-11-13,1439377.0,387493.0,3800642.0,4100796.0,15897.0
2004-11-14,1623546.0,446131.0,3962871.0,4275846.0,15896.0
2004-11-15,1594332.0,446744.0,4257814.0,4594087.0,14627.0
2004-11-16,1548154.0,433534.0,4075079.0,4396918.0,13923.0
2004-11-17,1410975.0,364040.0,3957927.0,4270510.0,13271.0
2004-11-18,1300261.0,339895.0,3707504.0,4000301.0,12614.0
2004-11-19,1220182.0,319915.0,3657055.0,3945863.0,13021.0
2004-11-20,1219585.0,341581.0,3348977.0,3613448.0,14088.0
2004-11-21,1183853.0,331543.0,3262702.0,3520352.0,13760.0
2004-11-22,1314926.0,356215.0,3706512.0,3999228.0,13268.0
2004-11-23,1320969.0,373972.0,3849946.0,4153995.0,13797.0
2004-11-24,1309466.0,388040.0,3740976.0,4036413.0,14906.0
2004-11-25,1321064.0,401659.0,3133696.0,3381162.0,14635.0
2004-11-26,1562516.0,467933.0,3545470.0,3825467.0,18384.0
2004-11-27,1631267.0,473164.0,3593893.0,3877710.0,17189.0
2004-11-28,1319850.0,402685.0,3509394.0,3786538.0,14570.0
2004-11-29,1415195.0,438677.0,4175176.0,4504917.0,13782.0
2004-11-30,1357750.0,421129.0,4198536.0,4530124.0,13425.0
2004-12-01,1164593.0,409650.0,4116577.0,4441692.0,13631.0
2004-12-02,1345291.0,454908.0,4339393.0,4682117.0,14312.0
2004-12-03,1318169.0,443589.0,4365042.0,4709783.0,14271.0
2004-12-04,1425567.0,473823.0,4189820.0,4520721.0,15112.0
2004-12-05,1405543.0,431992.0,3732382.0,4027140.0,13714.0
2004-12-06,1369683.0,423870.0,4184506.0,4514987.0,13519.0
2004-12-07,1232193.0,378800.0,4141306.0,4468375.0,12328.0
2004-12-08,1186350.0,359477.0,3899294.0,4207241.0,11971.0
2004-12-09,1442041.0,458920.0,4395844.0,4743019.0,13310.0
2004-12-10,1259352.0,418510.0,4208575.0,4540957.0,12561.0
2004-12-11,1366852.0,424177.0,3887906.0,4194959.0,13851.0
2004-12-12,1438077.0,462891.0,4043797.0,4363164.0,14508.0
2004-12-13,1453201.0,480469.0,4517333.0,4874109.0,14371.0
2004-12-14,1713325.0,596637.0,4992558.0,5386872.0,16021.0
2004-12-15,1840792.0,619893.0,5134474.0,5539999.0,16135.0
2004-12-16,1830639.0,573345.0,5024888.0,5421760.0,16627.0
2004-12-17,1612522.0,480773.0,4520059.0,4877049.0,15367.0
2004-12-18,1664159.0,521256.0,4462675.0,4815132.0,16383.0
2004-12-19,1774002.0,584802.0,4633094.0,4999010.0,16451.0
2004-12-20,2220187.0,839633.0,6001897.0,6475958.0,19891.0
2004-12-21,1865709.0,620295.0,5181054.0,5590265.0,17467.0
2004-12-22,1522241.0,487440.0,4311907.0,4652458.0,14099.0
2004-12-23,1386024.0,442810.0,3922933.0,4232746.0,14551.0
2004-12-24,1764872.0,608077.0,4317273.0,4658240.0,17029.0
2004-12-25,1842831.0,657807.0,4322305.0,4663668.0,17910.0
2004-12-26,1854985.0,617657.0,4734171.0,5108076.0,17814.0
2004-12-27,1918234.0,604941.0,5077363.0,5478382.0,18119.0
2004-12-28,1940341.0,611294.0,5100923.0,5503803.0,18252.0
2004-12-29,1584463.0,459835.0,4434716.0,4784963.0,16523.0
2004-12-30,1383056.0,448868.0,4202151.0,4534025.0,15769.0
2004-12-31,1370511.0,427428.0,3520568.0,3798599.0,14883.0
2005-01-01,1260071.0,338982.0,3072168.0,3314769.0,13896.0
2005-01-02,1248603.0,344942.0,3665990.0,3955507.0,13421.0
2005-01-03,1311894.0,322138.0,3937909.0,4248909.0,12299.0
2005-01-04,1204765.0,268391.0,3798889.0,4098903.0,11803.0
2005-01-05,1186296.0,269748.0,4184935.0,4515448.0,11730.0
2005-01-06,1230219.0,297701.0,4346460.0,4689737.0,12134.0
2005-01-07,1281999.0,346596.0,4356567.0,4700638.0,13760.0
2005-01-08,1354626.0,361566.0,3918745.0,4228231.0,13644.0
2005-01-09,1468193.0,417705.0,4154864.0,4483001.0,13867.0
2005-01-10,1475246.0,378962.0,4402936.0,4750672.0,13015.0
2005-01-11,1437854.0,345552.0,4370677.0,4715866.0,12847.0
2005-01-12,1284538.0,300674.0,4270774.0,4608068.0,12116.0
2005-01-13,1160725.0,264850.0,4014261.0,4331297.0,11553.0
2005-01-14,1305880.0,339254.0,4153898.0,4481964.0,13933.0
2005-01-15,1716625.0,493317.0,4499406.0,4854768.0,16110.0
2005-01-16,1745762.0,496315.0,4553246.0,4912858.0,15712.0
2005-01-17,2028386.0,665223.0,5699125.0,6149265.0,18693.0
2005-01-18,2256721.0,732503.0,6046119.0,6523671.0,18911.0
2005-01-19,2318849.0,716455.0,5834228.0,6295038.0,18481.0
2005-01-20,1886246.0,496988.0,5084667.0,5486267.0,16100.0
2005-01-21,1926986.0,594336.0,5118052.0,5522285.0,16192.0
2005-01-22,2095137.0,680429.0,5453103.0,5883805.0,18482.0
2005-01-23,2204427.0,779616.0,5658433.0,6105364.0,20445.0
2005-01-24,2169374.0,719160.0,5949517.0,6419435.0,19472.0
2005-01-25,1824954.0,521908.0,5123688.0,5528367.0,16400.0
2005-01-26,1590667.0,444241.0,4709013.0,5080928.0,14875.0
2005-01-27,1771539.0,475758.0,5336760.0,5758270.0,16274.0
2005-01-28,2105052.0,643471.0,5637475.0,6082741.0,17734.0
2005-01-29,2033899.0,677699.0,5169020.0,5577279.0,18763.0
2005-01-30,1801876.0,526727.0,4714418.0,5086765.0,16257.0
2005-01-31,1789410.0,512806.0,5067723.0,5467978.0,15886.0
2005-02-01,1752622.0,552809.0,5045905.0,5444436.0,15112.0
2005-02-02,1719816.0,570642.0,5026011.0,5422975.0,15262.0
2005-02-03,1884586.0,565181.0,4966669.0,5358938.0,15315.0
2005-02-04,1748929.0,490545.0,4609499.0,4973557.0,14845.0
2005-02-05,1587375.0,450211.0,4126498.0,4452393.0,15399.0
2005-02-06,1567309.0,454294.0,4044413.0,4363824.0,14389.0
2005-02-07,1491134.0,422884.0,4243023.0,4578125.0,13353.0
2005-02-08,1363247.0,375461.0,4034269.0,4352882.0,12344.0
2005-02-09,1364277.0,374591.0,3907623.0,4216227.0,12623.0
2005-02-10,1521258.0,477505.0,4534538.0,4892674.0,14695.0
2005-02-11,1830529.0,603146.0,5037516.0,5435383.0,16856.0
2005-02-12,1652404.0,462157.0,4198729.0,4530330.0,15875.0
2005-02-13,1460519.0,436657.0,4037488.0,4356358.0,14882.0
2005-02-14,1465630.0,463151.0,4602740.0,4966260.0,14179.0
2005-02-15,1338581.0,404652.0,4200652.0,4532407.0,13009.0
2005-02-16,1279355.0,404985.0,4162554.0,4491306.0,13220.0
2005-02-17,1577335.0,489030.0,4608823.0,4972823.0,14840.0
2005-02-18,1794793.0,556338.0,5048079.0,5446780.0,16838.0
2005-02-19,1763117.0,537572.0,4699889.0,5071084.0,16860.0
2005-02-20,1668739.0,511936.0,4317724.0,4658729.0,16016.0
2005-02-21,1469223.0,440409.0,4272939.0,4610406.0,14879.0
2005-02-22,1432862.0,385801.0,4140399.0,4467394.0,12773.0
2005-02-23,1441707.0,401812.0,4305021.0,4645022.0,13143.0
2005-02-24,1776916.0,565801.0,4946781.0,5337484.0,15073.0
2005-02-25,1835688.0,525889.0,4669598.0,5038403.0,14776.0
2005-02-26,1727000.0,501481.0,4461550.0,4813922.0,16542.0
2005-02-27,1722276.0,522094.0,4358493.0,4702720.0,14975.0
2005-02-28,1897334.0,608988.0,4950670.0,5341679.0,15300.0
2005-03-01,1659817.0,580933.0,4819621.0,5200272.0,15296.0
2005-03-02,1685633.0,611223.0,5190464.0,5600422.0,16484.0
2005-03-03,1666824.0,589032.0,5190944.0,5600938.0,16577.0
2005-03-04,1609799.0,542700.0,4889594.0,5275775.0,16522.0
2005-03-05,1597611.0,520076.0,4310450.0,4650877.0,13990.0
2005-03-06,1415650.6052,430587.05558000004,4166055.5928,4495074.6263,13387.965855799997
2005-03-07,1415572.8307100004,430595.7662200001,4166519.321499999,4495582.990199999,13387.965855799997
2005-03-08,1415380.9507000002,430556.2862500001,4166008.0684999996,4495037.566799999,13387.965855799997
2005-03-09,1414934.44103,430430.0236000001,4165654.1506,4494664.187999999,13387.965855799997
2005-03-10,1413924.44918,430191.8339200001,4165621.1681999997,4494639.259899999,13387.965855799997
2005-03-11,1411701.7912599999,429870.84281000006,4162295.797399999,4491062.403499999,13387.965855799997
2005-03-12,1407091.5673600002,429607.87906000006,4159685.8339999993,4488265.6942,13387.965855799997
2005-03-13,1304586.0,385612.0,3991885.0,4307146.0,14710.0
2005-03-14,1493403.0,444254.0,4409070.0,4757286.0,13657.0
2005-03-15,1522906.0,450282.0,4551831.0,4911329.0,14210.0
2005-03-16,1645518.0,499285.0,4442833.0,4793724.0,13984.0
2005-03-17,1774182.0,539732.0,4348598.0,4692045.0,14137.0
2005-03-18,1519675.0,472161.0,4161351.0,4490005.0,14693.0
2005-03-19,1414339.0,429410.0,3681243.0,3971962.0,14923.0
2005-03-20,1283007.0,371951.0,3504593.0,3781357.0,13802.0
2005-03-21,1351419.0,396267.0,4067208.0,4388425.0,13448.0
2005-03-22,1341339.0,408252.0,4165172.0,4494129.0,13135.0
2005-03-23,1246004.0,390019.0,4208812.0,4541210.0,13281.0
2005-03-24,1261672.0,364851.0,4183223.0,4513603.0,12974.0
2005-03-25,1397499.0,425327.0,3907726.0,4216344.0,13710.0
2005-03-26,1339728.0,410241.0,3775614.0,4073792.0,13847.0
2005-03-27,1345946.0,429887.0,3686816.0,3977974.0,13128.0
2005-03-28,1247870.0,376456.0,4264491.0,4601292.0,12923.0
2005-03-29,1168936.0,340481.0,3970126.0,4283666.0,11846.0
2005-03-30,1172095.0,340548.0,3806618.0,4107243.0,11698.0
2005-03-31,1154299.0,346930.0,3810737.0,4111688.0,11667.0
2005-04-01,1103729.0,374242.0,3669430.0,3959220.0,11886.0
2005-04-02,1164744.0,388741.0,3529104.0,3807809.0,13664.0
2005-04-03,1247906.0,414048.0,3822808.0,4124715.0,11694.0
2005-04-04,1163609.0,345810.0,3854900.0,4159340.0,12070.0
2005-04-05,1143529.0,335887.0,3750017.0,4046172.0,11220.0
2005-04-06,997651.0,320169.0,3581398.0,3864232.0,10559.0
2005-04-07,1065386.0,315153.0,3564327.0,3845812.0,10717.0
2005-04-08,1052249.0,307572.0,3449728.0,3722158.0,11476.0
2005-04-09,1086755.0,306705.0,3126852.0,3373782.0,11936.0
2005-04-10,1141686.0,325788.0,3100614.0,3345471.0,11474.0
2005-04-11,1124518.0,323994.0,3518127.0,3795967.0,10765.0
2005-04-12,1212588.0,352265.0,3737201.0,4032340.0,11472.0
2005-04-13,1349292.0,411289.0,3702519.0,3994926.0,11674.0
2005-04-14,1275414.0,382830.0,3731718.0,4026430.0,11959.0
2005-04-15,1254286.0,349935.0,3666292.0,3955830.0,12237.0
2005-04-16,1322703.0,382359.0,3414585.0,3684242.0,13493.0
2005-04-17,1254994.0,362042.0,3244980.0,3501236.0,12721.0
2005-04-18,1147811.0,327903.0,3525964.0,3804415.0,11068.0
2005-04-19,1114321.0,327314.0,3576406.0,3858846.0,11185.0
2005-04-20,1092094.0,340658.0,3650114.0,3938380.0,11007.0
2005-04-21,1138179.0,334925.0,3477599.0,3752233.0,10640.0
2005-04-22,1061331.0,308890.0,3482783.0,3757827.0,11232.0
2005-04-23,1082087.0,322022.0,3165969.0,3415986.0,11979.0
2005-04-24,1281322.0,420135.0,3489776.0,3765373.0,13783.0
2005-04-25,1225328.0,365311.0,3913390.0,4222448.0,13020.0
2005-04-26,1172315.0,336525.0,3742172.0,4037706.0,11600.0
2005-04-27,1110198.0,324273.0,3556533.0,3837403.0,10875.0
2005-04-28,1130755.0,343611.0,3605055.0,3889762.0,11455.0
2005-04-29,1102644.0,333794.0,3384646.0,3651934.0,11917.0
2005-04-30,1083044.0,320273.0,3072687.0,3315329.0,13257.0
2005-05-01,1100271.0,307905.0,2939916.0,3172076.0,11839.0
2005-05-02,1202273.0,360571.0,3777904.0,4076260.0,12732.0
2005-05-03,1189335.0,362557.0,3920104.0,4229703.0,12573.0
2005-05-04,1160284.0,334993.0,3732946.0,4027758.0,12082.0
2005-05-05,1230915.0,338747.0,3723434.0,4017495.0,11670.0
2005-05-06,1387721.0,346175.0,3632066.0,3918902.0,11753.0
2005-05-07,1278660.0,346599.0,3268971.0,3527121.0,12423.0
2005-05-08,1132975.0,324860.0,3047822.0,3288505.0,12017.0
2005-05-09,1187951.0,336855.0,3657922.0,3946803.0,11294.0
2005-05-10,1226115.0,344546.0,3839431.0,4142648.0,11105.0
2005-05-11,1330260.0,375338.0,4052794.0,4372869.0,11283.0
2005-05-12,1359462.0,402873.0,3892540.0,4199955.0,11713.0
2005-05-13,1158949.0,322912.0,3886108.0,4193017.0,11176.0
2005-05-14,1207082.0,342242.0,4027680.0,4345769.0,12132.0
2005-05-15,1164644.0,319104.0,3896009.0,4203692.0,11360.0
2005-05-16,1164620.0,328308.0,4253581.0,4589514.0,10579.0
2005-05-17,1179260.0,323380.0,4224624.0,4558276.0,10483.0
2005-05-18,1150750.0,343576.0,4246099.0,4581445.0,10777.0
2005-05-19,1181065.0,324318.0,4230895.0,4565040.0,10753.0
2005-05-20,1173285.0,315492.0,3992370.0,4307677.0,11117.0
2005-05-21,1145736.0,313401.0,3186890.0,3438558.0,11489.0
2005-05-22,1150305.0,318031.0,3060535.0,3302222.0,11448.0
2005-05-23,1214436.0,340524.0,3573731.0,3855962.0,10901.0
2005-05-24,1160654.0,315425.0,3692155.0,3983741.0,11380.0
2005-05-25,1185389.0,321233.0,3748091.0,4044095.0,11382.0
2005-05-26,1227439.0,342106.0,3710809.0,4003865.0,11291.0
2005-05-27,1270436.0,347543.0,3634441.0,3921464.0,11452.0
2005-05-28,1252848.0,334364.0,3096730.0,3341276.0,12237.0
2005-05-29,1169032.0,345234.0,2996441.0,3233059.0,12369.0
2005-05-30,1187670.0,366060.0,2971498.0,3206149.0,12402.0
2005-05-31,1254658.0,358011.0,3688127.0,3979399.0,11323.0
2005-06-01,1115852.0,329042.0,3838794.0,4141960.0,11452.0
2005-06-02,1158404.0,333784.0,3732026.0,4026757.0,11534.0
2005-06-03,1179631.0,323931.0,3662285.0,3951509.0,11457.0
2005-06-04,1255280.0,376490.0,3436194.0,3707557.0,11878.0
2005-06-05,1489899.0,452159.0,3844344.0,4147952.0,11939.0
2005-06-06,1707871.0,498265.0,4750460.0,5125648.0,11882.0
2005-06-07,1584082.0,449141.0,4836806.0,5218818.0,12021.0
2005-06-08,1556377.0,477634.0,4981493.0,5374935.0,11794.0
2005-06-09,1542905.0,462807.0,4775005.0,5152139.0,11999.0
2005-06-10,1650956.0,481161.0,4583498.0,4945498.0,12216.0
2005-06-11,1634026.0,463390.0,4346969.0,4690283.0,12638.0
2005-06-12,1600174.0,443966.0,4157057.0,4485368.0,11523.0
2005-06-13,1743421.0,494896.0,4774322.0,5151399.0,12084.0
2005-06-14,1920149.0,555558.0,5102802.0,5505828.0,12169.0
2005-06-15,1820867.0,519774.0,4694647.0,5065433.0,11821.0
2005-06-16,1660840.0,447376.0,4261657.0,4598232.0,10969.0
2005-06-17,1503471.0,394032.0,3780966.0,4079565.0,10759.0
2005-06-18,1425371.0,364914.0,3397815.0,3666142.0,11338.0
2005-06-19,1246573.0,350261.0,3286925.0,3546497.0,11195.0
2005-06-20,1616610.0679399997,468583.8891899999,4463573.0619,4816195.4664,13620.296525699998
2005-06-21,1616201.0886899997,468583.8891899999,4463573.0619,4816195.4664,13531.757134399997
2005-06-22,1616294.0069499996,468583.8891899999,4463573.0619,4816195.4664,13491.049727599997
2005-06-23,1615287.2267599998,468583.8891899999,4463573.0619,4816195.4664,13528.532013899998
2005-06-24,1614394.4951699998,468583.8891899999,4463573.0619,4816195.4664,13616.119982299999
2005-06-25,1611587.4395899998,468583.8891899999,4463573.0619,4816195.4664,13689.397583999998
2005-06-26,1604253.7420799998,468583.8891899999,4463573.0619,4816195.4664,13697.020857
2005-06-27,1765659.0,531066.0,4749007.0,5124081.0,13230.0
2005-06-28,1647691.0,468447.0,4716376.0,5088876.0,12846.0
2005-06-29,1545963.0,483128.0,4749430.0,5124540.0,12926.0
2005-06-30,1825315.0,532370.0,4818903.0,5199505.0,13246.0
2005-07-01,1991273.0,553386.0,4781222.0,5158843.0,13262.0
2005-07-02,1823810.0,497771.0,4119039.0,4444345.0,14464.0
2005-07-03,1726619.0,490256.0,3596349.0,3880360.0,13828.0
2005-07-04,1668726.0,493796.0,3758835.0,4055685.0,14082.0
2005-07-05,1860775.0,503473.0,4347569.0,4690933.0,13604.0
2005-07-06,1905238.0,506644.0,4449459.0,4800865.0,13194.0
2005-07-07,1606593.0,395395.0,4094058.0,4417393.0,11915.0
2005-07-08,1645013.0,448003.0,3961314.0,4274165.0,12214.0
2005-07-09,1730591.0,489737.0,3911575.0,4220496.0,12674.0
2005-07-10,1801578.0,520495.0,3979720.0,4294025.0,12709.0
2005-07-11,1773691.0,518817.0,4590251.0,4952783.0,13134.0
2005-07-12,1792805.0,551186.0,4903913.0,5291227.0,12844.0
2005-07-13,1816085.0,545890.0,4705782.0,5077446.0,12609.0
2005-07-14,1677125.0,457987.0,4496913.0,4852074.0,12023.0
2005-07-15,1835232.0,490680.0,4619477.0,4984322.0,12547.0
2005-07-16,1956131.0,528527.0,4500499.0,4855941.0,13926.0
2005-07-17,1929329.0,560113.0,4375141.0,4720679.0,13436.0
2005-07-18,1971454.0,577698.0,5005409.0,5400743.0,13401.0
2005-07-19,2001209.0,580266.0,5019742.0,5416206.0,13242.0
2005-07-20,2014152.0,596963.0,5054864.0,5454105.0,13517.0
2005-07-21,2012101.0,615667.0,4795736.0,5174502.0,13280.0
2005-07-22,1964806.0,590619.0,4925684.0,5314716.0,13714.0
2005-07-23,1914140.0,581291.0,4461499.0,4813862.0,13803.0
2005-07-24,1764792.0,540166.0,3982225.0,4296724.0,12985.0
2005-07-25,2034793.0,634697.0,5125056.0,5529839.0,14178.0
2005-07-26,2176999.0,651186.0,5322449.0,5742830.0,13643.0
2005-07-27,2193380.0,659848.0,5323145.0,5743578.0,13677.0
2005-07-28,1850508.0,494470.0,4276991.0,4614778.0,12826.0
2005-07-29,1539032.0,434988.0,4196867.0,4528326.0,12843.0
2005-07-30,1647096.0,450982.0,4127871.0,4453879.0,13554.0
2005-07-31,1509020.0,443745.0,3991455.0,4306690.0,12957.0
2005-08-01,1694674.0,503097.0,4625062.0,4990346.0,12840.0
2005-08-02,1847361.0,550018.0,4990438.0,5384586.0,13063.0
2005-08-03,1956169.0,588513.0,5023196.0,5419936.0,13222.0
2005-08-04,2003799.0,596222.0,5152969.0,5559962.0,13539.0
2005-08-05,2039641.0,603322.0,5044748.0,5443189.0,13740.0
2005-08-06,1939226.0,558762.0,4385511.0,4731871.0,14117.0
2005-08-07,1730405.0,509224.0,4179208.0,4509269.0,13615.0
2005-08-08,1706904.0,514067.0,4440856.0,4791593.0,13559.0
2005-08-09,1628686.0,471294.0,4285250.0,4623690.0,13140.0
2005-08-10,1783268.0,536821.0,4688529.0,5058827.0,13837.0
2005-08-11,1996631.0,589840.0,5017026.0,5413276.0,13612.0
2005-08-12,2071701.0,616135.0,5108455.0,5511926.0,14281.0
2005-08-13,2097129.0,622529.0,4920186.0,5308792.0,15155.0
2005-08-14,2057417.0,625963.0,4857381.0,5241018.0,14942.0
2005-08-15,2074566.0,605679.0,5111533.0,5515248.0,14269.0
2005-08-16,1974430.0,524375.0,4594589.0,4957467.0,13451.0
2005-08-17,1745311.0,501899.0,4531346.0,4889221.0,13333.0
2005-08-18,1601084.0,423689.0,4418760.0,4767749.0,12186.0
2005-08-19,1830527.0,499977.0,4171873.0,4501356.0,13180.0
2005-08-20,2090705.0,579483.0,4477816.0,4831470.0,14596.0
2005-08-21,2078048.0,593483.0,4618140.0,4982880.0,14163.0
2005-08-22,1882017.0,532701.0,4550341.0,4909723.0,12367.0
2005-08-23,1555265.0,470141.0,4320043.0,4661233.0,11929.0
2005-08-24,1622980.0,479666.0,4287738.0,4626373.0,12252.0
2005-08-25,1616492.0,458995.0,4109216.0,4433751.0,12335.0
2005-08-26,1522826.0,401808.0,3841461.0,4144837.0,11929.0
2005-08-27,1554360.0,376546.0,3388732.0,3656342.0,12635.0
2005-08-28,1736733.0,473856.0,3885057.0,4191876.0,13450.0
2005-08-29,1757160.0,469680.0,4554434.0,4914138.0,11820.0
2005-08-30,1904204.0,497491.0,4679075.0,5048626.0,12091.0
2005-08-31,1900933.0,490544.0,4709697.0,5081662.0,12743.0
2005-09-01,1713361.0,454773.0,4392672.0,4739597.0,12019.0
2005-09-02,1708306.0,462596.0,4371958.0,4717249.0,12527.0
2005-09-03,1669031.0,447555.0,3706740.0,3999479.0,12929.0
2005-09-04,1501546.0,419000.0,3383554.0,3650758.0,12675.0
2005-09-05,1439456.0,381902.0,3369064.0,3635121.0,12418.0
2005-09-06,1441927.0,383469.0,3913181.0,4222225.0,11139.0
2005-09-07,1379885.0,374763.0,3914756.0,4223927.0,10984.0
2005-09-08,1467544.0,377446.0,3994273.0,4309728.0,11052.0
2005-09-09,1520335.0,397244.0,4000260.0,4316186.0,11032.0
2005-09-10,1497842.6289099997,450660.94194999995,4149597.8477999996,4477422.6786,13103.110030099997
2005-09-11,1497877.5644999996,450664.96345999994,4149375.6081999997,4477185.0663,13071.332511199997
2005-09-12,1497954.5870999997,450671.90796,4159723.5326999994,4488376.491900001,12953.717022599998
2005-09-13,1498120.7550399997,450687.06016999995,4156611.7709999997,4485004.754000001,12833.533704999996
2005-09-14,1498462.7145499997,450725.26563,4150148.9781,4478011.848700001,12818.872435699997
2005-09-15,1499195.8182899996,450828.23938999994,4161461.7349999994,4490241.7971,12925.017929399999
2005-09-16,1500636.0614599998,451113.23042,4174663.1262999997,4504495.9285,13129.178426999997
2005-09-17,1796364.0,453729.0,4020257.0,4337759.0,12794.0
2005-09-18,1714739.0,443366.0,3708069.0,4000904.0,11959.0
2005-09-19,1701445.0,444430.0,4196423.0,4527848.0,11365.0
2005-09-20,1704004.0,449647.0,4260586.0,4597080.0,11075.0
2005-09-21,1602121.0,430984.0,4150373.0,4478159.0,10865.0
2005-09-22,1611363.0,432939.0,4255351.0,4591431.0,11134.0
2005-09-23,1735430.0,478209.0,4429010.0,4778805.0,11362.0
2005-09-24,1495164.0,399901.0,3403883.0,3672696.0,11593.0
2005-09-25,1446868.0,361302.0,3392630.0,3660558.0,11283.0
2005-09-26,1489397.0,385995.0,3967490.0,4280822.0,10696.0
2005-09-27,1530181.0,390050.0,3930921.0,4241369.0,10483.0
2005-09-28,1418301.0,360109.0,3724568.0,4018712.0,10326.0
2005-09-29,1349966.0,342577.0,3667500.0,3957139.0,10298.0
2005-09-30,1252225.0,312791.0,3490645.0,3766309.0,11247.0
2005-10-01,1329576.0,337654.0,3236536.0,3492123.0,12293.0
2005-10-02,1333781.0,362063.0,3301609.0,3562343.0,11462.0
2005-10-03,1328523.0,356874.0,3727589.0,4021970.0,10852.0
2005-10-04,1342173.0,353623.0,3735036.0,4030007.0,10768.0
2005-10-05,1383258.0,352359.0,3984611.0,4299302.0,10661.0
2005-10-06,1451930.0,365427.0,3923265.0,4233104.0,10780.0
2005-10-07,1389663.0,363706.0,3854578.0,4158996.0,11792.0
2005-10-08,1411885.0,367432.0,3467070.0,3740876.0,12252.0
2005-10-09,1229901.0,337996.0,3138861.0,3386736.0,11539.0
2005-10-10,1250152.0,330561.0,3556971.0,3837879.0,11166.0
2005-10-11,1255350.0,328481.0,3631524.0,3918318.0,10965.0
2005-10-12,1236259.0,324048.0,3607456.0,3892344.0,10620.0
2005-10-13,1226675.0,337824.0,3599899.0,3884190.0,10695.0
2005-10-14,1228214.0,326108.0,3554173.0,3834859.0,11193.0
2005-10-15,1212784.0,325512.0,3222053.0,3476491.0,12066.0
2005-10-16,1165266.0,315957.0,3172028.0,3422523.0,11639.0
2005-10-17,1257816.0,329591.0,3602431.0,3886925.0,11275.0
2005-10-18,1282436.0,333233.0,3678350.0,3968844.0,11278.0
2005-10-19,1219626.0,342719.0,3669305.0,3959085.0,11111.0
2005-10-20,1289444.0,347463.0,3599034.0,3883256.0,10688.0
2005-10-21,1206252.0,330969.0,3736557.0,4031650.0,11879.0
2005-10-22,1225631.0,337597.0,3397755.0,3666084.0,12813.0
2005-10-23,1243785.0,337797.0,3275028.0,3533660.0,12391.0
2005-10-24,1398229.0,389608.0,3855682.0,4160179.0,12458.0
2005-10-25,1466212.0,431265.0,4353914.0,4697777.0,12809.0
2005-10-26,1431408.0,408711.0,4191962.0,4523034.0,13335.0
2005-10-27,1499212.0,430400.0,4192601.0,4523719.0,13165.0
2005-10-28,1502264.0,386134.0,4069562.0,4390963.0,13683.0
2005-10-29,1533389.0,403762.0,3816487.0,4117895.0,15236.0
2005-10-30,1453392.0,381388.0,3498085.0,3774339.0,13999.0
2005-10-31,1383076.0,363440.0,3821917.0,4123751.0,12978.0
2005-11-01,1353050.0,358668.0,3811950.0,4112995.0,12415.0
2005-11-02,1189435.0,345697.0,3818974.0,4120574.0,12445.0
2005-11-03,1314887.0,373154.0,3904273.0,4212614.0,12876.0
2005-11-04,1318663.0,348594.0,3684117.0,3975065.0,13228.0
2005-11-05,1216607.0,323894.0,3226920.0,3481752.0,13632.0
2005-11-06,1196432.0,320373.0,3173060.0,3423631.0,12911.0
2005-11-07,1221279.0,323529.0,3596298.0,3880304.0,12076.0
2005-11-08,1288089.0,344882.0,3810934.0,4111910.0,13000.0
2005-11-09,1214193.0,327033.0,3724625.0,4018773.0,12082.0
2005-11-10,1264672.0,339342.0,3865424.0,4170692.0,13316.0
2005-11-11,1543683.0,415992.0,4025944.0,4343896.0,15006.0
2005-11-12,1496327.0,401846.0,3696451.0,3988371.0,15737.0
2005-11-13,1344417.0,367535.0,3471718.0,3745889.0,14710.0
2005-11-14,1219613.0,321208.0,3656666.0,3945445.0,13090.0
2005-11-15,1202331.0,317745.0,3692388.0,3983992.0,12973.0
2005-11-16,1179430.0,329731.0,3712979.0,4006209.0,13153.0
2005-11-17,1490272.0,456599.0,4379319.0,4725191.0,15751.0
2005-11-18,1767001.0,520630.0,4703302.0,5074767.0,18405.0
2005-11-19,1720430.0,497614.0,4281323.0,4619455.0,18361.0
2005-11-20,1437448.0,405681.0,3783494.0,4082288.0,16392.0
2005-11-21,1414227.0,419392.0,4218126.0,4551263.0,15945.0
2005-11-22,1583560.0,472208.0,4395038.0,4742156.0,16475.0
2005-11-23,1776091.0,562373.0,4741285.0,5115754.0,19036.0
2005-11-24,1458589.0,446247.0,3888324.0,4195406.0,19862.0
2005-11-25,1758090.0,561182.0,4375866.0,4721464.0,21832.0
2005-11-26,1840172.0,549004.0,4252044.0,4587857.0,19933.0
2005-11-27,1705720.0,516546.0,4022048.0,4339696.0,16827.0
2005-11-28,1342067.0,409180.0,4153569.0,4481603.0,14639.0
2005-11-29,1236770.0,343766.0,3850391.0,4154476.0,13579.0
2005-11-30,1363660.0,405550.0,4081378.0,4403707.0,14866.0
2005-12-01,1407153.0,483500.0,4726665.0,5099982.0,17140.0
2005-12-02,1579546.0,505798.0,4917968.0,5306393.0,18106.0
2005-12-03,1581841.0,533853.0,4824717.0,5205777.0,18752.0
2005-12-04,1315307.0,431275.0,4340000.0,4682763.0,15820.0
2005-12-05,1701921.0,554465.0,4904640.0,5292015.0,16145.0
2005-12-06,1762500.0,578097.0,5043147.0,5441460.0,16325.0
2005-12-07,1887946.0,608066.0,5241690.0,5655690.0,16855.0
2005-12-08,1900335.0,621807.0,5364140.0,5787812.0,17463.0
2005-12-09,1836027.0,589049.0,5090964.0,5493057.0,17103.0
2005-12-10,1874591.0,598257.0,4868313.0,5252815.0,17920.0
2005-12-11,1660915.0,555718.0,4663752.0,5032096.0,16620.0
2005-12-12,1609302.0,543309.0,5023320.0,5420070.0,16112.0
2005-12-13,1757098.0,597705.0,5446255.0,5876410.0,16847.0
2005-12-14,2094561.0,702717.0,5954670.0,6425000.0,18305.0
2005-12-15,1937277.0,656254.0,5656442.0,6103209.0,18371.0
2005-12-16,1830219.0,520171.0,4884654.0,5270447.0,16370.0
2005-12-17,1914906.0,561881.0,4650671.0,5017978.0,16531.0
2005-12-18,1781743.0,524996.0,4497323.0,4852519.0,15844.0
2005-12-19,1886531.0,598967.0,5127987.0,5533005.0,16174.0
2005-12-20,2037481.0,640832.0,5434797.0,5864054.0,18130.0
2005-12-21,2066236.0,636473.0,5379661.0,5804561.0,18217.0
2005-12-22,1980408.0,597911.0,5153090.0,5560092.0,17571.0
2005-12-23,1872688.0,544578.0,4343549.0,4686595.0,16950.0
2005-12-24,1703005.0,470645.0,3699801.0,3991987.0,16451.0
2005-12-25,1556152.5338300003,472312.03915,4178743.5150999995,4509441.9121,14744.586234800001
2005-12-26,1554579.2310900001,473326.45583000005,4211291.2733000005,4544518.2921,14626.587999000001
2005-12-27,1553819.6098400003,471912.9497800001,4186218.1255,4517425.034200001,14496.808057400001
2005-12-28,1555773.0720500003,471296.11639000004,4149677.3819,4477927.1824,14440.415385800003
2005-12-29,1555685.4081500003,472667.82807,4163867.9719,4493152.9812,14524.485048400002
2005-12-30,1554045.2579800002,471941.85753,4139806.4351,4467102.6299,14689.396105100002
2005-12-31,1556266.1464300002,469244.73617,4011663.9537,4328702.5295,14884.062729700003
2006-01-01,1648307.0,475455.0,3590719.0,3874292.0,16159.0
2006-01-02,1762769.0,547674.0,4473417.0,4826724.0,16555.0
2006-01-03,1467936.0,436253.0,4628863.0,4994445.0,14676.0
2006-01-04,1526972.0,457264.0,4609476.0,4973528.0,14549.0
2006-01-05,1467663.0,448285.0,4542266.0,4901008.0,14845.0
2006-01-06,1621074.0,516277.0,4800664.0,5179824.0,16445.0
2006-01-07,1991231.0,554753.0,4704730.0,5076308.0,18089.0
2006-01-08,1722862.0,491824.0,4260311.0,4596776.0,15719.0
2006-01-09,1357432.0,394195.0,4183156.0,4513530.0,13999.0
2006-01-10,1400962.0,395450.0,4262428.0,4599063.0,13481.0
2006-01-11,1390662.0,430464.0,4397568.0,4744879.0,13866.0
2006-01-12,1297647.0,424818.0,4218822.0,4552019.0,13994.0
2006-01-13,1322978.0,452243.0,4166329.0,4495371.0,14134.0
2006-01-14,1652985.0,508191.0,4133784.0,4460261.0,14945.0
2006-01-15,1852827.0,553560.0,4677631.0,5047068.0,18055.0
2006-01-16,1776200.0,513456.0,4745690.0,5120505.0,16153.0
2006-01-17,1585905.0,493293.0,4873027.0,5257900.0,14624.0
2006-01-18,1498788.0,478559.0,4612148.0,4976411.0,14774.0
2006-01-19,1628964.0,483633.0,4873552.0,5258468.0,15070.0
2006-01-20,1435590.0,423110.0,4237936.0,4572636.0,14331.0
2006-01-21,1376741.0,392463.0,3902607.0,4210821.0,14576.0
2006-01-22,1559243.0,494690.0,4257086.0,4593299.0,15374.0
2006-01-23,1637193.0,505804.0,4716216.0,5088700.0,14038.0
2006-01-24,1381319.0,429119.0,4602286.0,4965770.0,13885.0
2006-01-25,1580250.0,527817.0,4917496.0,5305882.0,15336.0
2006-01-26,1780779.0,556157.0,5122721.0,5527325.0,16344.0
2006-01-27,1735670.0,535895.0,4863262.0,5247366.0,16131.0
2006-01-28,1667066.0,444750.0,4005710.0,4322067.0,15306.0
2006-01-29,1487984.0,397768.0,3831423.0,4134004.0,14694.0
2006-01-30,1212702.0,381140.0,4017141.0,4334395.0,13398.0
2006-01-31,1414665.0,453040.0,4428453.0,4778203.0,14599.0
2006-02-01,1544358.0,495235.0,4536985.0,4895321.0,14512.0
2006-02-02,1477620.0,471802.0,4449115.0,4800499.0,14220.0
2006-02-03,1135840.0,366890.0,3950454.0,4262439.0,12957.0
2006-02-04,1414417.0,436121.0,3970646.0,4284236.0,15039.0
2006-02-05,1741752.0,527398.0,4219027.0,4552237.0,15741.0
2006-02-06,1736541.0,530562.0,4805936.0,5185509.0,15589.0
2006-02-07,1660205.0,517665.0,4861701.0,5245681.0,15320.0
2006-02-08,1788961.0,549304.0,5097491.0,5500096.0,15928.0
2006-02-09,1795604.0,564272.0,5130255.0,5535450.0,16749.0
2006-02-10,1879929.0,552023.0,5017127.0,5413381.0,16176.0
2006-02-11,1840065.0,580227.0,4682794.0,5052637.0,16488.0
2006-02-12,1897666.0,573673.0,4598807.0,4962023.0,16387.0
2006-02-13,1626182.5279999997,537461.9306900001,4677118.9404,5060559.497400001,14318.03221
2006-02-14,1626267.8598699998,537368.3080800001,4681568.536899999,5064229.634999999,14307.648365
2006-02-15,1626474.0265199996,537553.4074200001,4666366.1768,5047320.335399998,14308.196651999999
2006-02-16,1626946.37976,538032.65752,4669732.7952,5051719.8121,14316.655396
2006-02-17,1627960.18192,539771.4650600001,4691014.2545,5074959.4655,14324.207804099999
2006-02-18,1630033.3541299996,542661.69857,4690619.655699999,5075738.9243,14323.088921699999
2006-02-19,1633510.0132099998,548194.52922,4703593.105999999,5094222.9765,14312.896200899999
2006-02-20,1721777.0,549762.0,4800301.0,5179434.0,15801.0
2006-02-21,1475187.0,449697.0,4810801.0,5190761.0,14523.0
2006-02-22,1593255.0,473134.0,4918427.0,5306889.0,14956.0
2006-02-23,1483377.0,424588.0,4553630.0,4913268.0,13476.0
2006-02-24,1627648.0,444185.0,4656429.0,5024198.0,14575.0
2006-02-25,1663443.0,474696.0,4344334.0,4687438.0,14894.0
2006-02-26,1746062.0,508970.0,4747259.0,5122199.0,16584.0
2006-02-27,1808352.0,553469.0,5309755.0,5729136.0,16282.0
2006-02-28,1378348.0,389970.0,4818093.0,5198622.0,13399.0
2006-03-01,1292702.0,373852.0,4560058.0,4920212.0,12383.0
2006-03-02,1353428.0,368462.0,4502381.0,4857974.0,12485.0
2006-03-03,1458785.0,432006.0,4746978.0,5121894.0,15027.0
2006-03-04,1673667.0,498185.0,4563971.0,4924422.0,15970.0
2006-03-05,1584302.0,443619.0,4162149.0,4490858.0,14632.0
2006-03-06,1607378.0,480915.0,4574059.0,4935314.0,14628.0
2006-03-07,1581194.0,440890.0,4559436.0,4919539.0,13790.0
2006-03-08,1609314.0,465562.0,4640229.0,5006709.0,14027.0
2006-03-09,1376346.0,374499.0,4090797.0,4413874.0,12967.0
2006-03-10,1214357.0,313972.0,3660449.0,3949528.0,12962.0
2006-03-11,1204815.0,320993.0,3234839.0,3490298.0,14069.0
2006-03-12,1186533.0,321377.0,3176408.0,3427247.0,12861.0
2006-03-13,1246683.0,329266.0,3620725.0,3906663.0,12502.0
2006-03-14,1211406.0,327984.0,3719264.0,4012988.0,12323.0
2006-03-15,1372471.0,414276.0,4336590.0,4679090.0,14270.0
2006-03-16,1385925.0,376001.0,4212125.0,4544786.0,13648.0
2006-03-17,1363120.0,379927.0,4191011.0,4522004.0,14305.0
2006-03-18,1513920.0,436645.0,4284975.0,4623394.0,16069.0
2006-03-19,1587192.0,449809.0,4065749.0,4386850.0,14974.0
2006-03-20,1566522.0,448537.0,4431736.0,4781750.0,14260.0
2006-03-21,1701888.0,520226.0,4867496.0,5251932.0,14932.0
2006-03-22,1641358.0,502522.0,4831151.0,5212715.0,14739.0
2006-03-23,1619776.0,461167.0,4499377.0,4854729.0,13844.0
2006-03-24,1563997.0,436674.0,4285381.0,4623827.0,14003.0
2006-03-25,1679808.0,486690.0,4022906.0,4340619.0,14280.0
2006-03-26,1661708.0,489644.0,3982490.0,4297010.0,14463.0
2006-03-27,1510321.0,447020.0,4174030.0,4503688.0,13589.0
2006-03-28,1407351.0,404601.0,4111650.0,4436374.0,13363.0
2006-03-29,1314147.0,392061.0,3929154.0,4239460.0,12918.0
2006-03-30,1335049.0,380654.0,3922540.0,4232323.0,12945.0
2006-03-31,1226251.0,331282.0,3642440.0,3930100.0,12601.0
2006-04-01,1181729.0,315025.0,3195880.0,3448256.0,12882.0
2006-04-02,1166821.0,320042.0,3151860.0,3400755.0,12194.0
2006-04-03,1134289.0,323018.0,3577138.0,3859635.0,11439.0
2006-04-04,1207121.0,346680.0,3868788.0,4174326.0,12433.0
2006-04-05,1286944.0,356696.0,4174245.0,4503909.0,12615.0
2006-04-06,1288012.0,359437.0,3966744.0,4280017.0,12583.0
2006-04-07,1195054.0,321006.0,3754317.0,4050811.0,11932.0
2006-04-08,1182750.0,311088.0,3519237.0,3797159.0,13454.0
2006-04-09,1320505.0,362593.0,3767640.0,4065185.0,13714.0
2006-04-10,1331417.0,378895.0,3958376.0,4270996.0,12591.0
2006-04-11,1240644.0,352552.0,3784725.0,4083619.0,12092.0
2006-04-12,1161372.0,327402.0,3589107.0,3872544.0,11646.0
2006-04-13,1220151.0,341532.0,3586904.0,3870170.0,11592.0
2006-04-14,1209757.0,337374.0,3287465.0,3547078.0,12552.0
2006-04-15,1346235.0,362063.0,3174968.0,3425695.0,13073.0
2006-04-16,1213409.0,332772.0,2901804.0,3130954.0,12121.0
2006-04-17,1174305.0,309156.0,3548878.0,3829143.0,11999.0
2006-04-18,1251196.0,353064.0,3740194.0,4035579.0,11799.0
2006-04-19,1229560.0,339183.0,3663384.0,3952697.0,11692.0
2006-04-20,1228043.0,351147.0,3682752.0,3973591.0,11771.0
2006-04-21,1197464.0,333739.0,3561691.0,3842968.0,11618.0
2006-04-22,1156280.0,317333.0,3289383.0,3549144.0,12294.0
2006-04-23,1214060.0,330200.0,3222151.0,3476600.0,11645.0
2006-04-24,1218575.0,350218.0,3606112.0,3890899.0,11377.0
2006-04-25,1248745.0,351365.0,3705773.0,3998433.0,11230.0
2006-04-26,1131206.0,331283.0,3672005.0,3962001.0,11784.0
2006-04-27,1200016.0,335727.0,3746948.0,4042862.0,11436.0
2006-04-28,1204873.0,331936.0,3563430.0,3844845.0,11513.0
2006-04-29,1239258.0,328096.0,3244011.0,3500190.0,12357.0
2006-04-30,1225404.0,328310.0,3158868.0,3408321.0,11954.0
2006-05-01,1196495.0,343352.0,3625766.0,3912104.0,11227.0
2006-05-02,1195152.0,340052.0,3719643.0,4013391.0,11423.0
2006-05-03,1131537.0,322087.0,3655874.0,3944591.0,11245.0
2006-05-04,1205874.0,353080.0,3767639.0,4065181.0,11324.0
2006-05-05,1189980.0,339765.0,3519316.0,3797245.0,11058.0
2006-05-06,1283005.0,350047.0,3073160.0,3315839.0,11790.0
2006-05-07,1196374.0,345684.0,2969480.0,3203975.0,12067.0
2006-05-08,1299726.0,365528.0,3712964.0,4006193.0,12194.0
2006-05-09,1216823.0,349916.0,3706654.0,3999381.0,11659.0
2006-05-10,1215773.0,353338.0,3747792.0,4043767.0,11573.0
2006-05-11,1119793.0,333685.0,3703716.0,3996214.0,11199.0
2006-05-12,1143810.0,338976.0,3575001.0,3857332.0,11628.0
2006-05-13,1194591.0,340392.0,3169708.0,3420014.0,12392.0
2006-05-14,1150612.0,322971.0,3061653.0,3303427.0,11819.0
2006-05-15,1160069.0,348880.0,3599199.0,3883439.0,11525.0
2006-05-16,1154637.0,343360.0,3682210.0,3973006.0,11989.0
2006-05-17,1161427.0,336289.0,3669842.0,3959662.0,11427.0
2006-05-18,1149095.0,329314.0,3668255.0,3957954.0,11582.0
2006-05-19,1163979.0,328922.0,3648814.0,3936973.0,12266.0
2006-05-20,1233531.0,342851.0,3273184.0,3531670.0,12698.0
2006-05-21,1245894.0,351537.0,3148562.0,3397200.0,11922.0
2006-05-22,1180080.0,337853.0,3618504.0,3904271.0,11653.0
2006-05-23,1128778.0,336314.0,3688039.0,3979300.0,11450.0
2006-05-24,1108952.0,348795.0,3706389.0,3999100.0,11481.0
2006-05-25,1511773.52617,456661.51251000003,4454927.8793,4806771.3127999995,12944.5926349
2006-05-26,1511181.09815,456661.51251000003,4454927.8793,4806771.3127999995,12944.5926349
2006-05-27,1510588.6701099998,456661.51251000003,4454927.8793,4806771.3127999995,12944.5926349
2006-05-28,1509996.2420899998,456661.51251000003,4454927.8793,4806771.3127999995,12944.5926349
2006-05-29,1509403.81405,456661.51251000003,4454927.8793,4806771.3127999995,12944.5926349
2006-05-30,1508811.38602,456661.51251000003,4454927.8793,4806771.3127999995,12944.5926349
2006-05-31,1508218.95799,456661.51251000003,4454927.8793,4806771.3127999995,12944.5926349
2006-06-01,1666888.0,501055.0,4743755.0,5118416.0,12033.0
2006-06-02,1526539.0,470678.0,4411889.0,4760331.0,11559.0
2006-06-03,1438638.0,409290.0,3532819.0,3811812.0,11009.0
2006-06-04,1359608.0,402866.0,3251937.0,3508742.0,11070.0
2006-06-05,1233397.0,356729.0,3696531.0,3988462.0,10531.0
2006-06-06,1242871.0,361498.0,3925910.0,4235961.0,10722.0
2006-06-07,1317432.0,402249.0,4063482.0,4384399.0,10946.0
2006-06-08,1324047.0,379996.0,4139480.0,4466404.0,10951.0
2006-06-09,1425525.0,408423.0,3994254.0,4309706.0,11060.0
2006-06-10,1394022.0,385070.0,3289783.0,3549578.0,11317.0
2006-06-11,1380282.0,392301.0,3189872.0,3441776.0,11562.0
2006-06-12,1241169.0,368998.0,3716420.0,4009920.0,10819.0
2006-06-13,1337172.0,379442.0,3985160.0,4299892.0,11257.0
2006-06-14,1223806.0,375812.0,3910057.0,4218853.0,11007.0
2006-06-15,1368251.0,415653.0,4043814.0,4363179.0,11187.0
2006-06-16,1456043.0,445662.0,4061553.0,4382323.0,11591.0
2006-06-17,1601054.0,495425.0,4034867.0,4353527.0,12367.0
2006-06-18,1628043.0,523119.0,4354661.0,4698581.0,12486.0
2006-06-19,1596031.0,478722.0,4651824.0,5019222.0,12061.0
2006-06-20,1677821.0,497078.0,4640680.0,5007202.0,12102.0
2006-06-21,1706759.0,508948.0,4662041.0,5030244.0,11862.0
2006-06-22,1876862.0,594962.0,4858878.0,5242638.0,13081.0
2006-06-23,1683034.0,535466.0,4640058.0,5006527.0,13109.0
2006-06-24,1654863.0,503511.0,4119600.0,4444948.0,13060.0
2006-06-25,1578868.0,489543.0,3764583.0,4061886.0,12903.0
2006-06-26,1454857.0,487467.0,4357548.0,4701699.0,12244.0
2006-06-27,1473293.0,419465.0,4241320.0,4576289.0,12694.0
2006-06-28,1706259.0,479307.0,4380084.0,4726015.0,12812.0
2006-06-29,1686592.0,488404.0,4333133.0,4675357.0,12451.0
2006-06-30,1589868.0,469223.0,4088999.0,4411940.0,12134.0
2006-07-01,1669233.0,504649.0,3852740.0,4157011.0,13256.0
2006-07-02,1896911.0,594822.0,4189810.0,4520709.0,13742.0
2006-07-03,1877875.0,586163.0,4443699.0,4794657.0,13456.0
2006-07-04,1841737.0,585087.0,4162083.0,4490794.0,13859.0
2006-07-05,1597661.0,495687.0,4117824.0,4443036.0,13005.0
2006-07-06,1343468.0,465692.0,3944016.0,4255498.0,12114.0
2006-07-07,1326161.0,430689.0,3884617.0,4191404.0,12039.0
2006-07-08,1358066.0,431049.0,3611290.0,3896486.0,12343.0
2006-07-09,1366644.0,430907.0,3705942.0,3998615.0,12164.0
2006-07-10,1566018.0,511147.0,4403242.0,4751007.0,12512.0
2006-07-11,1593577.0,536486.0,4887760.0,5273800.0,13019.0
2006-07-12,1632329.0,572192.0,4899464.0,5286434.0,13671.0
2006-07-13,1697169.0,533362.0,4639640.0,5006076.0,13167.0
2006-07-14,1671844.0,548458.0,4738198.0,5112421.0,13922.0
2006-07-15,1757079.0,553247.0,4414221.0,4762845.0,14621.0
2006-07-16,1777845.0,578406.0,4529708.0,4887459.0,13904.0
2006-07-17,1773740.0,613260.0,5304555.0,5723521.0,13761.0
2006-07-18,1817750.0,636574.0,5264152.0,5679926.0,13645.0
2006-07-19,1637941.0,589097.0,4994118.0,5388551.0,13285.0
2006-07-20,1614810.0,562989.0,5086574.0,5488322.0,13283.0
2006-07-21,1758210.0,589910.0,4823032.0,5203960.0,13614.0
2006-07-22,1871906.0,568320.0,4386442.0,4732880.0,13639.0
2006-07-23,1632998.0,524052.0,3980562.0,4294927.0,12671.0
2006-07-24,1671393.0,526492.0,4568446.0,4929260.0,12122.0
2006-07-25,1564498.0,474416.0,4650856.0,5018175.0,12438.0
2006-07-26,1797527.0,559947.0,4902952.0,5290194.0,12939.0
2006-07-27,1931030.0,603576.0,5151729.0,5558621.0,13177.0
2006-07-28,1997429.0,616090.0,4867169.0,5251579.0,13564.0
2006-07-29,1896826.0,584427.0,4669133.0,5037901.0,14205.0
2006-07-30,1935069.0,609301.0,4610255.0,4974370.0,14149.0
2006-07-31,2051226.0,653354.0,5217682.0,5629785.0,14354.0
2006-08-01,2161855.0,672465.0,5524530.0,5960876.0,14380.0
2006-08-02,1670241.2931300004,544049.92232,4519797.6581,4876712.5861,13539.059252799998
2006-08-03,1665270.4360400003,544047.15992,4519424.6974,4876313.6455,13539.059252799998
2006-08-04,1662994.2868599999,544051.29203,4519172.472699999,4876044.7551,13539.059252799998
2006-08-05,1671224.2694600003,544073.75682,4519822.6089,4876749.6469,13539.059252799998
2006-08-06,1669466.53439,544146.60719,4522941.192999999,4880119.2461,13539.059252799998
2006-08-07,1667972.60981,544363.60355,4530362.4802,4888134.690099999,13539.059252799998
2006-08-08,1674537.9392000001,545014.2761400001,4541590.8457,4900262.852400001,13539.059252799998
2006-08-09,1855451.0,553744.0,4511655.0,4867978.0,12036.0
2006-08-10,1870810.0,598723.0,4353622.0,4697462.0,12589.0
2006-08-11,1601244.0,470745.0,4300261.0,4639882.0,12003.0
2006-08-12,1563118.0,441612.0,3723638.0,4017708.0,11950.0
2006-08-13,1558556.0,466276.0,3729553.0,4024090.0,11954.0
2006-08-14,1691780.0,510170.0,4693944.0,5064674.0,12370.0
2006-08-15,1816710.0,536730.0,4892234.0,5278624.0,12669.0
2006-08-16,1766180.0,542768.0,4594295.0,4957153.0,11916.0
2006-08-17,1670031.0,500455.0,4564137.0,4924608.0,11741.0
2006-08-18,1710509.0,511010.0,4582914.0,4944868.0,12355.0
2006-08-19,1866890.0,550038.0,4460298.0,4812568.0,13380.0
2006-08-20,1966144.0,552580.0,4529770.0,4887530.0,13266.0
2006-08-21,1811533.0,550971.0,4587239.0,4949533.0,12214.0
2006-08-22,1729500.0,537855.0,4698983.0,5070108.0,12141.0
2006-08-23,1813799.0,548175.0,4672008.0,5041003.0,12282.0
2006-08-24,1808720.0,542563.0,4688739.0,5059057.0,12417.0
2006-08-25,1869993.0,563008.0,4846697.0,5229490.0,12801.0
2006-08-26,1922698.0,569630.0,4487415.0,4841825.0,13964.0
2006-08-27,1879297.0,567013.0,4202877.0,4534809.0,13184.0
2006-08-28,1978309.0,612632.0,4867609.0,5252053.0,13217.0
2006-08-29,2075158.0,616160.0,5129693.0,5534850.0,13415.0
2006-08-30,1797803.0,516041.0,4659004.0,5026966.0,13108.0
2006-08-31,1455486.0,403395.0,4085935.0,4408633.0,12157.0
2006-09-01,1244534.0,349841.0,3658850.0,3947801.0,12871.0
2006-09-02,1407933.0,395101.0,3218866.0,3473058.0,13181.0
2006-09-03,1616918.0,462041.0,3198527.0,3451110.0,13091.0
2006-09-04,1434021.0,375620.0,3186174.0,3437784.0,13049.0
2006-09-05,1374684.0,372417.0,3715109.0,4008501.0,11628.0
2006-09-06,1439616.0,416074.0,3947245.0,4258981.0,11699.0
2006-09-07,1446112.0,395004.0,4054263.0,4374454.0,11475.0
2006-09-08,1425192.0,384849.0,4060388.0,4381059.0,11491.0
2006-09-09,1582812.0,401605.0,3767290.0,4064809.0,11916.0
2006-09-10,1547070.0,415371.0,3682692.0,3973531.0,11625.0
2006-09-11,1367793.0,389686.0,3811469.0,4112476.0,11127.0
2006-09-12,1291182.0,357445.0,3753261.0,4049675.0,11332.0
2006-09-13,1239542.0,355571.0,3737061.0,4032191.0,11557.0
2006-09-14,1303103.0,373908.0,3829411.0,4131837.0,11256.0
2006-09-15,1357491.0,378536.0,3780645.0,4079219.0,11442.0
2006-09-16,1368421.0,380668.0,3484351.0,3759516.0,12065.0
2006-09-17,1434898.0,401279.0,3597604.0,3881718.0,11981.0
2006-09-18,1470603.0,428297.0,4170396.0,4499762.0,11645.0
2006-09-19,1442873.0,413472.0,4073268.0,4394957.0,11528.0
2006-09-20,1308100.0,359847.0,3672156.0,3962156.0,11153.0
2006-09-21,1281136.0,350311.0,3653718.0,3942263.0,11308.0
2006-09-22,1273997.0,344963.0,3565097.0,3846645.0,12151.0
2006-09-23,1495024.0,397568.0,3414097.0,3683714.0,12647.0
2006-09-24,1592641.0,402837.0,3520785.0,3798830.0,12495.0
2006-09-25,1345777.0,351071.0,3769762.0,4067477.0,11499.0
2006-09-26,1325270.0,346585.0,3729300.0,4023815.0,11621.0
2006-09-27,1287505.0,353844.0,3727796.0,4022191.0,11836.0
2006-09-28,1307952.0,341088.0,3708485.0,4001353.0,12334.0
2006-09-29,1263530.0,328350.0,3530933.0,3809777.0,12109.0
2006-09-30,1330468.0,323879.0,3271642.0,3530007.0,12874.0
2006-10-01,1317438.0,329076.0,3162113.0,3411823.0,12048.0
2006-10-02,1285636.0,357674.0,3640596.0,3928108.0,11680.0
2006-10-03,1315367.0,356596.0,3859385.0,4164181.0,11517.0
2006-10-04,1356000.0,374144.0,4057408.0,4377848.0,11900.0
2006-10-05,1368235.0,369913.0,3738130.0,4033342.0,11766.0
2006-10-06,1296376.0,346555.0,3756450.0,4053112.0,12831.0
2006-10-07,1410272.0,375393.0,3597995.0,3882140.0,15232.0
2006-10-08,1297508.0,355632.0,3305494.0,3566530.0,12998.0
2006-10-09,1243613.0,357925.0,3736423.0,4031503.0,12554.0
2006-10-10,1263920.0,340020.0,3804579.0,4105041.0,11861.0
2006-10-11,1230747.0,327969.0,3715257.0,4008670.0,11803.0
2006-10-12,1128442.0,331968.0,3714878.0,4008257.0,11944.0
2006-10-13,1209747.0,379734.0,3953954.0,4266222.0,14263.0
2006-10-14,1407138.0,386552.0,3665929.0,3955437.0,15125.0
2006-10-15,1435912.0,390865.0,3636386.0,3923568.0,14603.0
2006-10-16,1352834.0,386932.0,4036467.0,4355253.0,12944.0
2006-10-17,1270869.0,377074.0,4013420.0,4330384.0,12802.0
2006-10-18,1202507.0,352695.0,3844288.0,4147896.0,12172.0
2006-10-19,1140691.0,343700.0,3755331.0,4051905.0,11810.0
2006-10-20,1133320.0,339846.0,3671612.0,3961572.0,12446.0
2006-10-21,1394957.0,372708.0,3396358.0,3664571.0,13943.0
2006-10-22,1470768.0,382811.0,3427793.0,3698489.0,13821.0
2006-10-23,1430104.0,434686.0,4158604.0,4487038.0,13805.0
2006-10-24,1605572.0,471874.0,4506186.0,4862081.0,14325.0
2006-10-25,1513359.0,461749.0,4311533.0,4652051.0,13736.0
2006-10-26,1462961.0,451201.0,4319846.0,4661020.0,14004.0
2006-10-27,1349605.0,429918.0,4215302.0,4548215.0,14655.0
2006-10-28,1306050.0,382509.0,3648908.0,3937073.0,13904.0
2006-10-29,1396141.0,398349.0,3623319.0,3909464.0,14735.0
2006-10-30,1307909.0,385887.0,3907157.0,4215728.0,13586.0
2006-10-31,1257782.0,352670.0,3748272.0,4044290.0,13047.0
2006-11-01,1228135.0,349038.0,3710720.0,4003771.0,12027.0
2006-11-02,1211410.0,369684.0,3898157.0,4206013.0,12948.0
2006-11-03,1535813.0,487721.0,4475981.0,4829487.0,15425.0
2006-11-04,1788625.0,538801.0,4325267.0,4666863.0,17129.0
2006-11-05,1733046.0,520822.0,3990274.0,4305413.0,15253.0
2006-11-06,1533960.0,473529.0,4267154.0,4604161.0,13875.0
2006-11-07,1443206.0,465595.0,4407079.0,4755144.0,14227.0
2006-11-08,1180328.0,378979.0,4062330.0,4383156.0,13177.0
2006-11-09,1197733.0,356858.0,3795388.0,4095127.0,12617.0
2006-11-10,1194966.0,345999.0,3677521.0,3967952.0,13865.0
2006-11-11,1243827.0,331015.0,3255208.0,3512268.0,14373.0
2006-11-12,1390669.0,390596.0,3585811.0,3868988.0,15519.0
2006-11-13,1274843.0,385598.0,4117568.0,4442757.0,14590.0
2006-11-14,1209986.0,363552.0,3904660.0,4213028.0,13534.0
2006-11-15,1301734.0,412058.0,3976919.0,4290998.0,14623.0
2006-11-16,1155403.0,352870.0,3884768.0,4191570.0,12857.0
2006-11-17,1281177.0,402066.0,3946743.0,4258434.0,14894.0
2006-11-18,1493939.0,449225.0,4026914.0,4344945.0,16409.0
2006-11-19,1563062.0,481203.0,3974895.0,4288817.0,16149.0
2006-11-20,1366484.0,475889.0,4509318.0,4865460.0,16573.0
2006-11-21,1629899.0,536812.0,4547962.0,4907153.0,17318.0
2006-11-22,1509268.78141,474511.37909999996,4243799.0077,4578916.4749,13648.866144699998
2006-11-23,1507852.59306,474505.75112,4244158.0292,4579306.8953,13727.5332237
2006-11-24,1508530.1548500003,474460.1101799999,4245018.8802,4580238.551700001,13831.754683499998
2006-11-25,1505022.6480500002,474416.12857,4245831.846299999,4581118.5154,13873.5981089
2006-11-26,1502219.89723,474079.4575999999,4244314.323299999,4579484.7434,13804.095143199998
2006-11-27,1498022.99709,473359.01169,4235470.288299999,4569948.3644,13642.300626799997
2006-11-28,1479089.80549,471205.27280999994,4212424.0665,4545092.797800001,13445.381135199998
2006-11-29,1178639.0,389789.0,4027343.0,4345401.0,13072.0
2006-11-30,1103764.0,358473.0,3925846.0,4235889.0,12729.0
2006-12-01,975346.0,335951.0,3731170.0,4025833.0,13044.0
2006-12-02,1312877.0,436792.0,3949411.0,4261320.0,15388.0
2006-12-03,1424151.0,499721.0,4259932.0,4596371.0,15470.0
2006-12-04,1580979.0,559033.0,4997681.0,5392406.0,15881.0
2006-12-05,1691698.0,563254.0,5181457.0,5590698.0,15642.0
2006-12-06,1608828.0,557429.0,5046803.0,5445406.0,15439.0
2006-12-07,1463720.0,522696.0,4947679.0,5338452.0,15472.0
2006-12-08,1964897.0,717999.0,5664451.0,6111844.0,18564.0
2006-12-09,2029503.0,646375.0,5099837.0,5502630.0,18184.0
2006-12-10,1716594.0,529097.0,4321015.0,4662280.0,15831.0
2006-12-11,1512707.0,480220.0,4453249.0,4804963.0,14436.0
2006-12-12,1529330.0,511076.0,4626348.0,4991738.0,14210.0
2006-12-13,1359964.0,463996.0,4351744.0,4695440.0,13682.0
2006-12-14,1399351.0,457444.0,4283218.0,4621493.0,13890.0
2006-12-15,1333294.0,432129.0,4163630.0,4492465.0,14033.0
2006-12-16,1588768.0,436373.0,3995464.0,4311014.0,14286.0
2006-12-17,1581191.0,450203.0,3899431.0,4207392.0,14076.0
2006-12-18,1249490.0,402835.0,4000850.0,4316820.0,13154.0
2006-12-19,1267932.0,410166.0,4388091.0,4734654.0,12987.0
2006-12-20,1560971.0,517096.0,4844244.0,5226848.0,14793.0
2006-12-21,1429002.0,487251.0,4570365.0,4931323.0,14075.0
2006-12-22,1236092.0,427968.0,4225352.0,4559062.0,13763.0
2006-12-23,1226261.0,378357.0,3562049.0,3843355.0,13635.0
2006-12-24,1447500.0,446029.0,3630821.0,3917557.0,15143.0
2006-12-25,1505006.0,501816.0,3791121.0,4090524.0,15598.0
2006-12-26,1425482.0,444133.0,3886250.0,4193169.0,14532.0
2006-12-27,1690726.0,498059.0,4342421.0,4685381.0,15720.0
2006-12-28,1761371.0,525746.0,4427866.0,4777569.0,15984.0
2006-12-29,1664632.0,489206.0,4258605.0,4594935.0,15631.0
2006-12-30,1625248.0,461693.0,3992024.0,4307289.0,16039.0
2006-12-31,1466739.0,454800.0,3777130.0,4075423.0,15405.0
2007-01-01,1273352.0,419693.0,3509753.0,3786926.0,14255.0
2007-01-02,1519639.0,478175.0,4305549.0,4645590.0,14013.0
2007-01-03,1637611.0,533343.0,4667070.0,5035675.0,14437.0
2007-01-04,1355192.0,458182.0,4345217.0,4688395.0,14062.0
2007-01-05,1058598.0,364208.0,3937095.0,4248032.0,13515.0
2007-01-06,1039731.0,354066.0,3348201.0,3612616.0,13290.0
2007-01-07,1248159.0,432417.0,3697054.0,3989026.0,13518.0
2007-01-08,1218424.0,455920.0,4420038.0,4769127.0,13418.0
2007-01-09,1630638.0,575392.0,4973756.0,5366590.0,15458.0
2007-01-10,1652906.0,600560.0,5247955.0,5662454.0,16503.0
2007-01-11,1754737.0,620762.0,5295430.0,5713676.0,16453.0
2007-01-12,1429959.0,508935.0,4592635.0,4955358.0,15184.0
2007-01-13,1225063.0,410632.0,3674990.0,3965221.0,14467.0
2007-01-14,1134741.0,353723.0,3326598.0,3589303.0,12653.0
2007-01-15,998216.0,363786.0,3691507.0,3983039.0,12666.0
2007-01-16,1198434.0,447301.0,4415561.0,4764301.0,14009.0
2007-01-17,1699933.0,603156.0,5310941.0,5730413.0,16472.0
2007-01-18,1846282.0,668515.0,5469383.0,5901370.0,17014.0
2007-01-19,1494575.0,556946.0,4946303.0,5336962.0,16498.0
2007-01-20,1755621.0,585574.0,4927676.0,5316873.0,18202.0
2007-01-21,1924482.0,659151.0,5224019.0,5636622.0,18257.0
2007-01-22,1702269.0,608255.0,5300955.0,5719633.0,16172.0
2007-01-23,1564494.0,560454.0,5045748.0,5444269.0,16379.0
2007-01-24,1602146.0,593435.0,5110758.0,5514413.0,17128.0
2007-01-25,1734024.0,614065.0,5428401.0,5857151.0,17799.0
2007-01-26,1804866.0,638511.0,5801149.0,6259350.0,18644.0
2007-01-27,1627952.0,480285.0,4610922.0,4975088.0,16827.0
2007-01-28,1577873.0,505459.0,4407668.0,4755779.0,16565.0
2007-01-29,2048891.0,734863.0,5770040.0,6225781.0,18533.0
2007-01-30,1864310.0,625537.0,5668611.0,6116342.0,16927.0
2007-01-31,1955254.0,689394.0,5691253.0,6140770.0,16990.0
2007-02-01,1973221.0,675918.0,5414207.0,5841832.0,16077.0
2007-02-02,1719098.0,591162.0,5041812.0,5440016.0,15354.0
2007-02-03,1934306.0,630216.0,5035188.0,5432876.0,17732.0
2007-02-04,1956898.0,644142.0,5250037.0,5664695.0,18145.0
2007-02-05,2220961.0,804811.0,6495506.0,7008552.0,20006.0
2007-02-06,2356133.0,821520.0,6567992.0,7086769.0,21575.0
2007-02-07,1862348.0,656961.0,6033556.0,6510117.0,18794.0
2007-02-08,2031749.0,687165.0,6257409.0,6751653.0,19576.0
2007-02-09,2163951.0,714199.0,5945664.0,6415281.0,19648.0
2007-02-10,2060643.0,681753.0,5405209.0,5832130.0,20254.0
2007-02-11,2067256.0,652265.0,5406569.0,5833595.0,20017.0
2007-02-12,1811767.0,574572.0,5406596.0,5833623.0,16922.0
2007-02-13,1845737.0,615451.0,5468238.0,5900134.0,16520.0
2007-02-14,1888466.0,658222.0,5518741.0,5954632.0,17263.0
2007-02-15,2171570.0,759575.0,6316265.0,6815163.0,19884.0
2007-02-16,2176809.0,739119.0,6079365.0,6559543.0,19817.0
2007-02-17,2080592.0,731395.0,5433192.0,5862325.0,19714.0
2007-02-18,1972264.0,669225.0,5205587.0,5616737.0,18666.0
2007-02-19,1996050.0,672832.0,5707161.0,6157938.0,18566.0
2007-02-20,1545599.0,499868.0,4976516.0,5369563.0,15298.0
2007-02-21,1259707.0,418953.0,4527399.0,4884972.0,14017.0
2007-02-22,1316623.0,422041.0,4762976.0,5139153.0,14857.0
2007-02-23,1570451.0,524424.0,5243648.0,5657802.0,17563.0
2007-02-24,1698564.0,520380.0,4832943.0,5214651.0,17385.0
2007-02-25,1710033.0,568356.0,4767004.0,5143509.0,16414.0
2007-02-26,1552629.0,531762.0,4934863.0,5324623.0,15613.0
2007-02-27,1476508.0,463855.0,4756597.0,5132273.0,14760.0
2007-02-28,1463548.0,438553.0,4776420.0,5153665.0,15175.0
2007-03-01,1466980.0,451851.0,4862850.0,5246918.0,15147.0
2007-03-02,1215231.0,381236.0,4220538.0,4553865.0,14444.0
2007-03-03,1468968.0,429926.0,4125798.0,4451641.0,16372.0
2007-03-04,1657030.0,547614.0,4692194.0,5062779.0,17430.0
2007-03-05,1622939.0,521014.0,5056010.0,5455341.0,16180.0
2007-03-06,1581150.0,484219.0,5615098.0,6058595.0,16568.0
2007-03-07,1586552.0,477767.0,5586664.0,6027917.0,15008.0
2007-03-08,1640360.0,483456.0,5423277.0,5851625.0,14730.0
2007-03-09,1658816.0,493082.0,4983706.0,5377320.0,16512.0
2007-03-10,1440770.0,423403.0,4113028.0,4437860.0,15798.0
2007-03-11,1252672.0,348404.0,3714705.0,4008073.0,14447.0
2007-03-12,1388774.0,413174.0,4388517.0,4735116.0,14309.0
2007-03-13,1298177.0,379768.0,3989096.0,4304140.0,12908.0
2007-03-14,1224520.0,335838.0,3895295.0,4202925.0,12378.0
2007-03-15,1147366.0,332703.0,3891080.0,4198378.0,12484.0
2007-03-16,1431406.0,458053.0,4945020.0,5335582.0,15889.0
2007-03-17,1653506.0,560640.0,4826514.0,5207713.0,17142.0
2007-03-18,1470483.0,544593.0,4743357.0,5117985.0,16668.0
2007-03-19,1424218.0,518157.0,4916935.0,5305284.0,15141.0
2007-03-20,1203508.0,369273.0,4135740.0,4462363.0,12129.0
2007-03-21,1234883.0,398394.0,4552182.0,4911703.0,12678.0
2007-03-22,1250272.0,397076.0,4212816.0,4545529.0,12297.0
2007-03-23,1117401.0,344294.0,3744676.0,4040406.0,11312.0
2007-03-24,1264292.0,349208.0,3445718.0,3717833.0,12021.0
2007-03-25,1198137.0,351166.0,3334575.0,3597913.0,11274.0
2007-03-26,1212116.0,339294.0,3848314.0,4152233.0,10719.0
2007-03-27,1231612.0,355323.0,3783536.0,4082338.0,10676.0
2007-03-28,1199041.0,352953.0,3703402.0,3995875.0,10957.0
2007-03-29,1198459.0,349616.0,3805060.0,4105560.0,10828.0
2007-03-30,1342220.0,379951.0,3884682.0,4191476.0,12348.0
2007-03-31,1218092.0,363741.0,3398638.0,3667033.0,12558.0
2007-04-01,1153546.0,349116.0,3347216.0,3611556.0,11808.0
2007-04-02,1117103.0,352069.0,3719856.0,4013623.0,11099.0
2007-04-03,1137584.0,355499.0,3716299.0,4009789.0,10935.0
2007-04-04,1022920.0,345734.0,3670208.0,3960058.0,10719.0
2007-04-05,1176197.0,410120.0,4434136.0,4784338.0,13333.0
2007-04-06,1343340.0,466257.0,4360155.0,4704515.0,14928.0
2007-04-07,1578758.0,551805.0,4281100.0,4619214.0,16067.0
2007-04-08,1550206.0,513302.0,4239507.0,4574334.0,15628.0
2007-04-09,1412328.0,476457.0,4525847.0,4883296.0,14643.0
2007-04-10,1347248.0,431914.0,4361353.0,4705801.0,13184.0
2007-04-11,1407264.0,484110.0,4494439.0,4849405.0,13747.0
2007-04-12,1167422.0,389102.0,4162679.0,4491431.0,12457.0
2007-04-13,1203489.0,391771.0,4124646.0,4450399.0,11491.0
2007-04-14,1231719.0,409512.0,3802819.0,4103144.0,15085.0
2007-04-15,1227160.0,428244.0,3893568.0,4201068.0,13316.0
2007-04-16,1359614.0,450226.0,4685800.0,5055887.0,12129.0
2007-04-17,1233388.0,390106.0,4400123.0,4747638.0,12461.0
2007-04-18,967643.0,355476.0,4146105.0,4473546.0,11836.0
2007-04-19,1071613.0,392934.0,4025574.0,4343499.0,12537.0
2007-04-20,1027500.0,387137.0,3878441.0,4184739.0,11992.0
2007-04-21,1067595.0,373343.0,3351561.0,3616232.0,12105.0
2007-04-22,1062721.0,375210.0,3272890.0,3531353.0,11378.0
2007-04-23,1070554.0,362975.0,3823199.0,4125144.0,10671.0
2007-04-24,1098239.0,371165.0,3968418.0,4281829.0,10073.0
2007-04-25,1154333.0,393208.0,3719117.0,4012832.0,10113.0
2007-04-26,1027413.0,346274.0,3672461.0,3962490.0,9997.0
2007-04-27,1053006.0,336098.0,3663845.0,3953193.0,10706.0
2007-04-28,1229879.0,322245.0,3215494.0,3469422.0,11420.0
2007-04-29,1224268.0,339941.0,3196520.0,3448950.0,11009.0
2007-04-30,1193895.0,359179.0,3778201.0,4076583.0,10477.0
2007-05-01,1321171.0,402781.0,3888471.0,4195565.0,10412.0
2007-05-02,1334563.0,413384.0,3975917.0,4289919.0,10184.0
2007-05-03,1142484.0,353091.0,3640711.0,3928236.0,10513.0
2007-05-04,1135635.0,365184.0,3357292.0,3622424.0,11445.0
2007-05-05,1214404.0,358530.0,3028343.0,3267486.0,11694.0
2007-05-06,1196018.0,351910.0,3035357.0,3275051.0,11241.0
2007-05-07,1250738.0,368325.0,3748176.0,4044185.0,11228.0
2007-05-08,1194077.0,365088.0,3837185.0,4140226.0,10654.0
2007-05-09,1131964.0,364494.0,3972232.0,4285944.0,10359.0
2007-05-10,1232703.0,391421.0,4168099.0,4497285.0,10544.0
2007-05-11,1346128.0,433551.0,4205060.0,4537165.0,10542.0
2007-05-12,1400726.0,432072.0,3515711.0,3793355.0,10977.0
2007-05-13,1196067.0,366345.0,3144482.0,3392802.0,10494.0
2007-05-14,1056805.0,354096.0,3662662.0,3951916.0,10811.0
2007-05-15,1037363.0,379218.0,4083592.0,4406099.0,10650.0
2007-05-16,1075354.0,379526.0,3985751.0,4300526.0,10634.0
2007-05-17,934774.0,342053.0,3699410.0,3991569.0,10482.0
2007-05-18,917897.0,335015.0,3710528.0,4003564.0,12232.0
2007-05-19,1037600.0,363103.0,3297675.0,3558098.0,12169.0
2007-05-20,1080115.0,377754.0,3225617.0,3480341.0,11726.0
2007-05-21,1112391.0,395351.0,3715251.0,4008655.0,10719.0
2007-05-22,1104009.0,396476.0,3838994.0,4142179.0,10509.0
2007-05-23,1093642.0,392207.0,3946272.0,4257933.0,10402.0
2007-05-24,1091135.0,404975.0,4061071.0,4381797.0,10540.0
2007-05-25,1222759.0,441991.0,4268842.0,4605986.0,11020.0
2007-05-26,1409253.0,489518.0,3974418.0,4288304.0,12220.0
2007-05-27,1508504.0,506198.0,3665812.0,3955313.0,12465.0
2007-05-28,1490975.0,480246.0,3574937.0,3857260.0,12265.0
2007-05-29,1497573.0,484989.0,4229403.0,4563432.0,11977.0
2007-05-30,1483329.0,501806.0,4532148.0,4890094.0,11592.0
2007-05-31,1490401.0,477843.0,4789649.0,5167936.0,11806.0
2007-06-01,1534727.0,471076.0,4704708.0,5076282.0,8920.0
2007-06-02,1469779.0,470038.0,4159138.0,4487612.0,10503.0
2007-06-03,1245828.0,378601.0,3486130.0,3761444.0,11518.0
2007-06-04,1438685.0,429866.0,4248912.0,4584478.0,11168.0
2007-06-05,1476974.0,437271.0,4181158.0,4511376.0,10879.0
2007-06-06,1440854.0,417837.0,3960839.0,4273652.0,11181.0
2007-06-07,1532253.0,477405.0,4268728.0,4605866.0,11807.0
2007-06-08,1820612.0,571534.0,4917312.0,5305691.0,12089.0
2007-06-09,1801999.0,566351.0,4310125.0,4650529.0,12286.0
2007-06-10,1599755.0,497272.0,3753868.0,4050322.0,11581.0
2007-06-11,1442288.0,457259.0,4418130.0,4767069.0,11379.0
2007-06-12,1497645.0,462311.0,4359591.0,4703896.0,11337.0
2007-06-13,1430828.0,460578.0,4326405.0,4668088.0,11157.0
2007-06-14,1253676.0,368938.0,3757779.0,4054549.0,10704.0
2007-06-15,1212882.0,354543.0,3633765.0,3920737.0,11093.0
2007-06-16,1340866.0,412089.0,3529139.0,3807847.0,11836.0
2007-06-17,1589404.0,484190.0,3924937.0,4234912.0,12202.0
2007-06-18,1776568.0,559630.0,4830441.0,5211949.0,12843.0
2007-06-19,1893764.0,561166.0,4848450.0,5231382.0,12645.0
2007-06-20,1596511.0,504316.0,4452703.0,4804376.0,11698.0
2007-06-21,1552735.0,478389.0,4235539.0,4570047.0,11570.0
2007-06-22,1629471.0,492306.0,3984325.0,4298989.0,11237.0
2007-06-23,1573965.0,500058.0,3474372.0,3748745.0,11825.0
2007-06-24,1653040.0,508335.0,3509347.0,3786485.0,12038.0
2007-06-25,1686420.0,525127.0,4436699.0,4787106.0,12433.0
2007-06-26,1805485.0,561207.0,4942958.0,5333358.0,12856.0
2007-06-27,1747838.0,566380.0,5094767.0,5497159.0,13046.0
2007-06-28,1898179.0,579678.0,4856908.0,5240507.0,13304.0
2007-06-29,1879787.0,523801.0,4255272.0,4591344.0,12753.0
2007-06-30,1762472.0,500095.0,3971606.0,4285273.0,12906.0
2007-07-01,1600008.0,472979.0,3552178.0,3832702.0,12082.0
2007-07-02,1475316.0,445619.0,3838695.0,4141853.0,11985.0
2007-07-03,1503396.0,460877.0,3771512.0,4069368.0,11931.0
2007-07-04,1653301.0,531955.0,3719563.0,4013310.0,12635.0
2007-07-05,1717783.0,515580.0,4025800.0,4343746.0,12800.0
2007-07-06,1806572.0,556093.0,4339037.0,4681729.0,13209.0
2007-07-07,1901510.0,570204.0,4046253.0,4365808.0,13201.0
2007-07-08,1913314.0,603023.0,4150716.0,4478523.0,12917.0
2007-07-09,2051068.0,651484.0,5007709.0,5403223.0,13049.0
2007-07-10,1888620.0,581547.0,4974802.0,5367717.0,13399.0
2007-07-11,1735654.0,534076.0,4767706.0,5144263.0,12774.0
2007-07-12,1718554.0,511734.0,4400698.0,4748255.0,11485.0
2007-07-13,1469234.0,436173.0,4188691.0,4519503.0,11245.0
2007-07-14,1597358.0,501123.0,4028157.0,4346283.0,11915.0
2007-07-15,1766262.0,564888.0,4286220.0,4624740.0,12177.0
2007-07-16,1864103.0,542305.0,4762067.0,5138180.0,12533.0
2007-07-17,1766991.0,531977.0,4841990.0,5224415.0,12192.0
2007-07-18,1860994.0,595448.0,4929435.0,5318769.0,12731.0
2007-07-19,2021277.0,610202.0,4731770.0,5105481.0,12527.0
2007-07-20,1753880.0,534155.0,4218720.0,4551905.0,12282.0
2007-07-21,1538034.0,475267.0,3628219.0,3914756.0,11712.0
2007-07-22,1444731.0,452703.0,3638102.0,3925416.0,11385.0
2007-07-23,1476734.0,468808.0,4039425.0,4358444.0,11361.0
2007-07-24,1457019.0,401435.0,4134543.0,4461077.0,10916.0
2007-07-25,1477877.0,410296.0,4180113.0,4510244.0,11656.0
2007-07-26,1671784.0,522077.0,4671933.0,5040923.0,12271.0
2007-07-27,1686875.0,531202.0,4509242.0,4865377.0,12323.0
2007-07-28,1717101.0,543122.0,4379528.0,4725414.0,13377.0
2007-07-29,1775549.0,561233.0,4087343.0,4410148.0,13291.0
2007-07-30,1629772.0,507555.0,4628843.0,4994428.0,12695.0
2007-07-31,1756601.0,560244.0,4882874.0,5268523.0,12510.0
2007-08-01,1819664.0,597527.0,4987020.0,5380903.0,12752.0
2007-08-02,1865709.0,603730.0,5214692.0,5626558.0,13140.0
2007-08-03,1930478.0,611455.0,5123697.0,5528376.0,13380.0
2007-08-04,2048225.0,650347.0,4790728.0,5169101.0,14583.0
2007-08-05,2005513.0,622226.0,4205955.0,4538131.0,13775.0
2007-08-06,2035230.0,625532.0,5128195.0,5533230.0,13730.0
2007-08-07,2184423.0,668748.0,5523577.0,5959850.0,13814.0
2007-08-08,2303379.0,732505.0,5831508.0,6292101.0,14438.0
2007-08-09,2426103.0,762492.0,5292816.0,5710856.0,15222.0
2007-08-10,2334305.0,708687.0,5121248.0,5525738.0,15064.0
2007-08-11,2003477.0,655171.0,4483319.0,4837402.0,14077.0
2007-08-12,1851990.0,625295.0,4408440.0,4756618.0,13439.0
2007-08-13,1923589.0,626682.0,4989724.0,5383820.0,13257.0
2007-08-14,1815569.0,545657.0,4654089.0,5021671.0,12073.0
2007-08-15,1867238.0,567189.0,4762825.0,5138991.0,12435.0
2007-08-16,2191697.0,627744.0,4913491.0,5301564.0,13714.0
2007-08-17,2045106.0,633235.0,5029378.0,5426606.0,13453.0
2007-08-18,1792253.0,540499.0,3942796.0,4254182.0,12806.0
2007-08-19,1797689.0,574566.0,3717766.0,4011376.0,13376.0
2007-08-20,2106975.0,629224.0,3967725.0,4281074.0,13512.0
2007-08-21,1954755.0,568917.0,4079336.0,4401508.0,13084.0
2007-08-22,1810644.0,555107.0,3971478.0,4285128.0,13512.0
2007-08-23,1729410.0,526721.0,4206790.0,4539027.0,13878.0
2007-08-24,2043460.0,618911.0,4994231.0,5388684.0,14655.0
2007-08-25,2210493.0,677325.0,4727784.0,5101183.0,15178.0
2007-08-26,1858213.0,544601.0,4272577.0,4610009.0,14519.0
2007-08-27,1788778.0,551753.0,4568215.0,4929010.0,13279.0
2007-08-28,1860973.0,566610.0,4703074.0,5074521.0,13173.0
2007-08-29,1873858.0,590258.0,4752037.0,5127352.0,13625.0
2007-08-30,1789170.0,570272.0,4745635.0,5120446.0,13114.0
2007-08-31,1839447.0,560414.0,4537585.0,4895963.0,13153.0
2007-09-01,1651369.0,483082.0,3674374.0,3964552.0,12949.0
2007-09-02,1577305.0,471329.0,3507359.0,3784345.0,12701.0
2007-09-03,1616374.0,503399.0,3854255.0,4158645.0,13213.0
2007-09-04,1736386.0,524967.0,4536203.0,4894473.0,11796.0
2007-09-05,1749527.0,533479.0,4683397.0,5053290.0,12139.0
2007-09-06,1884182.0,548410.0,4961092.0,5352925.0,12810.0
2007-09-07,1841552.0,567348.0,5078834.0,5479964.0,13050.0
2007-09-08,1781431.0,568532.0,4677121.0,5046517.0,13467.0
2007-09-09,1748756.0,536675.0,4321373.0,4662665.0,13196.0
2007-09-10,1769265.0,531391.0,4774158.0,5151222.0,12993.0
2007-09-11,1826914.0,491216.0,4358233.0,4702440.0,11996.0
2007-09-12,1682256.0,445225.0,4107898.0,4432328.0,11061.0
2007-09-13,1613234.0,400341.0,3997776.0,4313500.0,11007.0
2007-09-14,1507495.0,390802.0,3891742.0,4199093.0,11511.0
2007-09-15,1446017.0,384375.0,3392364.0,3660263.0,11362.0
2007-09-16,1243885.0,342449.0,3153238.0,3402250.0,11731.0
2007-09-17,1244049.0,350061.0,3663020.0,3952303.0,11208.0
2007-09-18,1293960.0,352354.0,3733410.0,4028257.0,11180.0
2007-09-19,1267712.0,361630.0,3787226.0,4086322.0,11054.0
2007-09-20,1325528.0,371158.0,3910195.0,4219000.0,11505.0
2007-09-21,1352642.0,368416.0,4045016.0,4364477.0,11226.0
2007-09-22,1623772.0,468746.0,4063172.0,4384067.0,12433.0
2007-09-23,1695585.0,503039.0,3799336.0,4099386.0,11780.0
2007-09-24,1592517.0,445779.0,4017881.0,4335193.0,11202.0
2007-09-25,1611823.0,452049.0,4920648.0,5309286.0,11268.0
2007-09-26,1653721.0,480824.0,5588055.0,6029420.0,11757.0
2007-09-27,1650088.0,467179.0,5188743.0,5598559.0,11942.0
2007-09-28,1568015.0,406789.0,4698421.0,5069504.0,10848.0
2007-09-29,1306231.0,356435.0,4261069.0,4597595.0,11393.0
2007-09-30,1299658.0,349753.0,4189118.0,4519963.0,11522.0
2007-10-01,1333017.0,355632.0,3741835.0,4037345.0,11034.0
2007-10-02,1366048.0,366272.0,3911890.0,4220830.0,11612.0
2007-10-03,1419727.0,413992.0,4152609.0,4480568.0,10865.0
2007-10-04,1570191.0,440438.0,4393236.0,4740207.0,10880.0
2007-10-05,1464161.0,446703.0,4262551.0,4599195.0,11690.0
2007-10-06,1509303.0,448705.0,3812414.0,4113500.0,12654.0
2007-10-07,1604552.0,464863.0,3925602.0,4235629.0,12251.0
2007-10-08,1633095.0,486334.0,4599244.0,4962490.0,11917.0
2007-10-09,1685745.0,479232.0,4570635.0,4931619.0,11310.0
2007-10-10,1534338.0,417966.0,4106193.0,4430485.0,10768.0
2007-10-11,1271163.0,333342.0,3699200.0,3991338.0,11428.0
2007-10-12,1272813.0,338229.0,3636777.0,3923986.0,12419.0
2007-10-13,1267732.0,343729.0,3290856.0,3550737.0,12880.0
2007-10-14,1275986.0,345421.0,3284754.0,3544152.0,11936.0
2007-10-15,1272551.0,351179.0,3722635.0,4016625.0,11073.0
2007-10-16,1271855.0,344188.0,3791733.0,4091183.0,10950.0
2007-10-17,1243333.0,355647.0,3845038.0,4148700.0,10821.0
2007-10-18,1308451.0,362844.0,3859473.0,4164273.0,10683.0
2007-10-19,1360778.0,363466.0,3891823.0,4199180.0,11543.0
2007-10-20,1291703.0,333224.0,3266796.0,3524773.0,12047.0
2007-10-21,1266332.0,347738.0,3240957.0,3496891.0,11886.0
2007-10-22,1255919.0,353189.0,3726149.0,4020416.0,10965.0
2007-10-23,1292081.0,357517.0,3925760.0,4235789.0,10510.0
2007-10-24,1294481.0,368264.0,3763653.0,4060887.0,10866.0
2007-10-25,1273988.0,363179.0,3818947.0,4120546.0,11535.0
2007-10-26,1269430.0,372212.0,3847401.0,4151248.0,12491.0
2007-10-27,1205080.0,345696.0,3274829.0,3533440.0,12209.0
2007-10-28,1253570.0,356528.0,3294762.0,3554952.0,12158.0
2007-10-29,1432603.0,428008.0,4073676.0,4395401.0,12675.0
2007-10-30,1507648.0,440262.0,4133722.0,4460193.0,12348.0
2007-10-31,1400242.0,410661.0,3966649.0,4279919.0,11889.0
2007-11-01,1236073.0,377024.0,3838818.0,4141986.0,11601.0
2007-11-02,1313325.0,404656.0,4042536.0,4361800.0,13164.0
2007-11-03,1368327.0,433637.0,3743930.0,4039601.0,14177.0
2007-11-04,1429947.0,408570.0,3694504.0,3986280.0,13461.0
2007-11-05,1428307.0,416280.0,4150488.0,4478282.0,12603.0
2007-11-06,1403281.0,411674.0,4213106.0,4545840.0,12476.0
2007-11-07,1602879.0,484416.0,4462550.0,4814998.0,13913.0
2007-11-08,1721807.0,547050.0,4751347.0,5126610.0,14975.0
2007-11-09,1576133.0,476001.0,4518177.0,4875015.0,15584.0
2007-11-10,1591424.0,458763.0,4169235.0,4498510.0,16835.0
2007-11-11,1619788.0,489214.0,3979171.0,4293425.0,15580.0
2007-11-12,1411645.0,403992.0,4015664.0,4332807.0,14194.0
2007-11-13,1295640.0,365878.0,3895417.0,4203055.0,12334.0
2007-11-14,1229902.0,362182.0,3873042.0,4178918.0,12211.0
2007-11-15,1408468.0,417007.0,4149407.0,4477115.0,13592.0
2007-11-16,1677066.0,501302.0,4526040.0,4883505.0,16660.0
2007-11-17,1659807.0,513941.0,4295495.0,4634748.0,17161.0
2007-11-18,1513919.0,449648.0,4056917.0,4377312.0,15789.0
2007-11-19,1422732.0,417458.0,4465963.0,4818681.0,15147.0
2007-11-20,1385993.0,393085.0,4141343.0,4468411.0,14548.0
2007-11-21,1300562.0,387636.0,3731512.0,4026208.0,14056.0
2007-11-22,1129793.0,362241.0,3028843.0,3268024.0,15458.0
2007-11-23,1349710.0,473735.0,3824843.0,4126908.0,18050.0
2007-11-24,1827638.0,569402.0,4345967.0,4689205.0,19365.0
2007-11-25,1632441.0,475143.0,4063537.0,4384461.0,16287.0
2007-11-26,1468529.0,446543.0,4148793.0,4476453.0,13811.0
2007-11-27,1341617.0,404259.0,4169244.0,4498515.0,13703.0
2007-11-28,1625327.0,472971.0,4516790.0,4873522.0,14739.0
2007-11-29,1665282.0,484464.0,4472632.0,4825876.0,15063.0
2007-11-30,1660286.0,496552.0,4501171.0,4856667.0,15930.0
2007-12-01,1711993.0,482848.0,4390900.0,4737685.0,16025.0
2007-12-02,1622177.0,513674.0,4450569.0,4802065.0,15449.0
2007-12-03,1545591.0,494274.0,4823084.0,5204014.0,15097.0
2007-12-04,1929666.0,601433.0,5283768.0,5701094.0,16112.0
2007-12-05,1861236.0,594156.0,5515621.0,5951263.0,16787.0
2007-12-06,1987864.0,616342.0,5488325.0,5921815.0,17055.0
2007-12-07,1962683.0,623024.0,5323634.0,5744112.0,17140.0
2007-12-08,1502574.0,452714.0,4409329.0,4757574.0,15261.0
2007-12-09,1359838.0,393295.0,4228432.0,4562383.0,13948.0
2007-12-10,1261893.0,376472.0,4495369.0,4850414.0,12380.0
2007-12-11,1312511.0,366947.0,4373456.0,4718866.0,12157.0
2007-12-12,1260843.0,381349.0,4199417.0,4531077.0,12318.0
2007-12-13,1365782.0,419965.0,4803073.0,5182423.0,13503.0
2007-12-14,1416694.0,428996.0,4650942.0,5018272.0,13968.0
2007-12-15,1845023.0,587057.0,4869457.0,5254051.0,16939.0
2007-12-16,1855910.0,576424.0,4627626.0,4993111.0,17778.0
2007-12-17,1938376.0,633973.0,5236267.0,5649839.0,20886.0
2007-12-18,2026192.0,618487.0,5323013.0,5743440.0,16981.0
2007-12-19,1937054.0,572958.0,5083526.0,5485032.0,16255.0
2007-12-20,1866175.0,543353.0,4998635.0,5393431.0,15764.0
2007-12-21,1856255.0,580409.0,4818596.0,5199168.0,16457.0
2007-12-22,1671281.0,522873.0,4328403.0,4670247.0,16024.0
2007-12-23,1479799.0,480320.0,3971939.0,4285626.0,15559.0
2007-12-24,1544440.0,502536.0,3952385.0,4264526.0,16423.0
2007-12-25,1580808.0,468949.0,3687084.0,3978268.0,16478.0
2007-12-26,1733021.0,516597.0,4527190.0,4884741.0,16815.0
2007-12-27,1518681.0,489658.0,4337164.0,4679701.0,16650.0
2007-12-28,1627277.0,519829.0,4551600.0,4911080.0,16899.0
2007-12-29,1445259.0,444628.0,3952885.0,4265066.0,15853.0
2007-12-30,1575175.0,496972.0,4368601.0,4713628.0,17402.0
2007-12-31,1611919.0,497113.0,4117431.0,4442613.0,16593.0
2008-01-01,1751170.0,547931.0,4081181.0,4403496.0,17119.0
2008-01-02,2270683.0,795831.0,5649178.0,6095369.0,18879.0
2008-01-03,2365111.0,795499.0,5986340.0,6459165.0,19354.0
2008-01-04,2258712.0,709172.0,5672843.0,6120908.0,18595.0
2008-01-05,1929453.0,580418.0,4610439.0,4974566.0,16564.0
2008-01-06,1500820.0,453547.0,3918580.0,4228054.0,14446.0
2008-01-07,1412836.0,417930.0,3940337.0,4251528.0,13231.0
2008-01-08,1358248.0,384594.0,3933021.0,4243629.0,13131.0
2008-01-09,1302119.0,372462.0,3912231.0,4221201.0,12775.0
2008-01-10,1563166.0,504219.0,4664369.0,5032764.0,14880.0
2008-01-11,1346464.0,444147.0,4311340.0,4651838.0,14584.0
2008-01-12,1569853.0,480404.0,4117790.0,4443002.0,14992.0
2008-01-13,1768863.0,545561.0,4506136.0,4862024.0,15360.0
2008-01-14,1846042.0,599645.0,5049432.0,5448242.0,15796.0
2008-01-15,2046952.0,635830.0,5452135.0,5882762.0,16892.0
2008-01-16,1998785.0,629726.0,5269070.0,5685232.0,16313.0
2008-01-17,2040559.0,666860.0,5329867.0,5750834.0,16585.0
2008-01-18,1813057.0,562873.0,4900352.0,5287390.0,15540.0
2008-01-19,1927098.0,586493.0,4734948.0,5108916.0,17361.0
2008-01-20,2200133.0,767340.0,5610519.0,6053656.0,20096.0
2008-01-21,2403905.0,805347.0,6059503.0,6538112.0,20397.0
2008-01-22,2180537.0,677126.0,5621418.0,6065419.0,18055.0
2008-01-23,1802666.0,543632.0,5045013.0,5443484.0,15538.0
2008-01-24,2083260.0,671151.0,5591954.0,6033622.0,17430.0
2008-01-25,2218408.0,722913.0,5778437.0,6234842.0,19103.0
2008-01-26,1979686.0,600470.0,5150968.0,5557802.0,18113.0
2008-01-27,1871687.0,537081.0,4789154.0,5167402.0,17018.0
2008-01-28,1876017.0,538568.0,4972026.0,5364718.0,15727.0
2008-01-29,1632227.0,474526.0,5002722.0,5397843.0,14663.0
2008-01-30,1545187.0,494046.0,4818535.0,5199107.0,15370.0
2008-01-31,1888170.0,607013.0,5264989.0,5680833.0,16152.0
2008-02-01,1804542.0,631026.0,5296783.0,5715133.0,16606.0
2008-02-02,1724540.0,525575.0,4642690.0,5009373.0,15864.0
2008-02-03,1594241.0,471637.0,4394227.0,4741278.0,15239.0
2008-02-04,1449510.0,430191.0,4460520.0,4812809.0,14012.0
2008-02-05,1310245.0,378191.0,4370689.0,4715879.0,12723.0
2008-02-06,1221617.0,352895.0,3989385.0,4304452.0,12759.0
2008-02-07,1270803.0,420907.0,4392458.0,4739368.0,13971.0
2008-02-08,1528250.0,469751.0,4662008.0,5030213.0,15252.0
2008-02-09,1461001.0,443806.0,4223953.0,4557551.0,15309.0
2008-02-10,1498776.0,471921.0,4631946.0,4997774.0,15183.0
2008-02-11,1902233.0,644806.0,5937402.0,6406361.0,16254.0
2008-02-12,1943512.0,686692.0,5856579.0,6319161.0,16994.0
2008-02-13,1798330.0,620102.0,5425157.0,5853653.0,16085.0
2008-02-14,1842249.0,597547.0,5270116.0,5686360.0,16319.0
2008-02-15,1629237.0,503403.0,4746697.0,5121592.0,15445.0
2008-02-16,1441102.0,416195.0,4419000.0,4768003.0,15950.0
2008-02-17,1547646.0,502096.0,4444389.0,4795400.0,16429.0
2008-02-18,1267221.0,422465.0,4211518.0,4544133.0,14538.0
2008-02-19,1623565.0,534701.0,5021369.0,5417968.0,15979.0
2008-02-20,1686192.0,568271.0,5633103.0,6078026.0,17228.0
2008-02-21,1876021.0,635553.0,5704685.0,6155258.0,17657.0
2008-02-22,1928930.0,618330.0,5380294.0,5805241.0,16844.0
2008-02-23,1624913.0,495771.0,4808962.0,5188774.0,15707.0
2008-02-24,1706545.0,583021.0,4604349.0,4968000.0,16121.0
2008-02-25,1583767.0,490053.0,4729758.0,5103312.0,14512.0
2008-02-26,1544156.0,476589.0,4928279.0,5317518.0,14943.0
2008-02-27,1747004.0,623974.0,5257436.0,5672679.0,17226.0
2008-02-28,2020243.0,679065.0,5835135.0,6296020.0,18675.0
2008-02-29,1789537.0,597731.0,5407242.0,5834325.0,18034.0
2008-03-01,1455694.0,437228.0,4485092.0,4839323.0,16857.0
2008-03-02,1514042.0,447764.0,4391874.0,4738741.0,15771.0
2008-03-03,1418248.0,409301.0,4242775.0,4577857.0,13588.0
2008-03-04,1219232.0,349213.0,3931610.0,4242107.0,12934.0
2008-03-05,1250491.0,393195.0,4135639.0,4462259.0,11684.0
2008-03-06,1446229.0,442652.0,4472876.0,4826139.0,14504.0
2008-03-07,1547198.0,465040.0,4596115.0,4959116.0,16169.0
2008-03-08,1510169.0,477442.0,4313175.0,4653818.0,17220.0
2008-03-09,1780271.0,564959.0,4673890.0,5043032.0,17698.0
2008-03-10,1602759.0,484636.0,4752508.0,5127860.0,15284.0
2008-03-11,1435716.0,415246.0,4377415.0,4723135.0,13332.0
2008-03-12,1450552.0,418861.0,4305348.0,4645380.0,13249.0
2008-03-13,1418658.0,402200.0,4350932.0,4694560.0,13490.0
2008-03-14,1231739.0,345173.0,3873691.0,4179617.0,13602.0
2008-03-15,1215401.0,354284.0,3496128.0,3772227.0,14221.0
2008-03-16,1286231.0,384058.0,3789036.0,4088276.0,14101.0
2008-03-17,1535687.0,446071.0,4440781.0,4791511.0,14157.0
2008-03-18,1596368.0,451121.0,4383102.0,4729272.0,13382.0
2008-03-19,1286703.0,367685.0,4115766.0,4440810.0,12323.0
2008-03-20,1307941.0,389746.0,4195049.0,4526368.0,13270.0
2008-03-21,1409906.0,391953.0,3996486.0,4312110.0,13510.0
2008-03-22,1283841.0,370903.0,3901220.0,4209320.0,13191.0
2008-03-23,1377562.0,415953.0,3879022.0,4185371.0,13652.0
2008-03-24,1489338.0,477295.0,4304661.0,4644631.0,14351.0
2008-03-25,1454226.0,487040.0,4484566.0,4838754.0,14268.0
2008-03-26,1227508.0,391854.0,3951335.0,4263392.0,12133.0
2008-03-27,1138978.0,338765.0,3941435.0,4252722.0,12335.0
2008-03-28,1142716.0,318018.0,3803365.0,4103737.0,11967.0
2008-03-29,1347493.0,354894.0,3916812.0,4226146.0,13376.0
2008-03-30,1586636.0,480341.0,4144171.0,4471461.0,13876.0
2008-03-31,1529924.0,473039.0,4354479.0,4698386.0,13129.0
2008-04-01,1264338.0,368444.0,3881922.0,4188497.0,11674.0
2008-04-02,1217174.0,344048.0,3926048.0,4236112.0,11769.0
2008-04-03,1497838.0,445843.0,4512995.0,4869430.0,13559.0
2008-04-04,1380460.0,409669.0,4174191.0,4503854.0,13137.0
2008-04-05,1208613.0,345970.0,3351685.0,3616365.0,12273.0
2008-04-06,1346409.0,410400.0,3688782.0,3980105.0,13241.0
2008-04-07,1309650.0,421647.0,4254594.0,4590609.0,12418.0
2008-04-08,1242080.0,392240.0,4192586.0,4523708.0,11615.0
2008-04-09,1099499.0,356486.0,3895856.0,4203537.0,11290.0
2008-04-10,1035693.0,348282.0,3776104.0,4074317.0,11177.0
2008-04-11,1048104.0,340084.0,3646575.0,3934559.0,11183.0
2008-04-12,1088973.0,332533.0,3199258.0,3451899.0,11285.0
2008-04-13,1111426.0,357274.0,3360279.0,3625648.0,12811.0
2008-04-14,1294531.0,445447.0,3948654.0,4260496.0,13337.0
2008-04-15,1270786.0,420033.0,4011776.0,4328610.0,12855.0
2008-04-16,1283848.0,409010.0,3913666.0,4222753.0,12075.0
2008-04-17,1209024.0,374358.0,3738512.0,4033760.0,11895.0
2008-04-18,1133982.0,352784.0,3590434.0,3873982.0,11509.0
2008-04-19,1140242.0,321955.0,3113565.0,3359438.0,11502.0
2008-04-20,1069062.0,326099.0,3142434.0,3390587.0,11380.0
2008-04-21,1010355.0,348475.0,3690025.0,3981440.0,11455.0
2008-04-22,949893.0,344827.0,3706279.0,3998972.0,11110.0
2008-04-23,945921.0,341432.0,3663737.0,3953075.0,11049.0
2008-04-24,1041277.0,352766.0,3711732.0,4004860.0,11042.0
2008-04-25,1091034.0,348275.0,3669976.0,3959804.0,11029.0
2008-04-26,1200004.0,358979.0,3447688.0,3719966.0,11605.0
2008-04-27,1105462.0,337342.0,3221951.0,3476387.0,11298.0
2008-04-28,1091065.0,337413.0,3708121.0,4000966.0,11491.0
2008-04-29,1147909.0,365978.0,3881177.0,4187691.0,12389.0
2008-04-30,1214131.0,379653.0,3909638.0,4218398.0,12260.0
2008-05-01,1175589.0,349864.0,3794677.0,4094358.0,11719.0
2008-05-02,1156628.0,347834.0,3541139.0,3820786.0,11581.0
2008-05-03,1148196.0,343691.0,3243066.0,3499170.0,11905.0
2008-05-04,1210533.0,347871.0,3132221.0,3379570.0,11366.0
2008-05-05,1075173.0,343048.0,3609165.0,3894192.0,11329.0
2008-05-06,1106715.0,345662.0,3661948.0,3951139.0,11252.0
2008-05-07,1003220.0,358568.0,3774025.0,4072072.0,11586.0
2008-05-08,1060333.0,354325.0,3766518.0,4063975.0,10895.0
2008-05-09,1212188.0,339382.0,3547212.0,3827348.0,11136.0
2008-05-10,1195663.0,333665.0,3201909.0,3454766.0,12013.0
2008-05-11,1180371.0,338255.0,3339958.0,3603720.0,12333.0
2008-05-12,1208059.0,367421.0,4050484.0,4370378.0,12746.0
2008-05-13,1186811.0,355617.0,3895658.0,4203317.0,11687.0
2008-05-14,1090021.0,341187.0,3715848.0,4009301.0,11311.0
2008-05-15,1071742.0,342817.0,3787877.0,4087016.0,11081.0
2008-05-16,1102395.0,342080.0,3605436.0,3890169.0,11265.0
2008-05-17,1116383.0,330551.0,3269931.0,3528164.0,11666.0
2008-05-18,1082699.0,328224.0,3182565.0,3433891.0,11724.0
2008-05-19,1072006.0,343888.0,3612878.0,3898203.0,11511.0
2008-05-20,1052706.0,338603.0,3809162.0,4109989.0,11579.0
2008-05-21,913798.0,334967.0,3765354.0,4062718.0,11534.0
2008-05-22,997694.0,343642.0,3712998.0,4006227.0,11285.0
2008-05-23,1077820.0,340976.0,3554920.0,3835662.0,11398.0
2008-05-24,1290397.0,361930.0,3158964.0,3408429.0,11748.0
2008-05-25,1301737.0,374249.0,3115210.0,3361211.0,12062.0
2008-05-26,1280052.0,408326.0,3304133.0,3565061.0,12142.0
2008-05-27,1280065.0,429894.0,3994519.0,4309992.0,11288.0
2008-05-28,1109666.0,355808.0,3748262.0,4044276.0,10718.0
2008-05-29,1130380.0,358410.0,3828507.0,4130857.0,10911.0
2008-05-30,1237874.0,414807.0,3995708.0,4311273.0,11263.0
2008-05-31,1553754.0,467382.0,3721467.0,4015365.0,12214.0
2008-06-01,1496199.0,442609.0,3594500.0,3878372.0,11409.0
2008-06-02,1365190.0,429134.0,3892508.0,4199917.0,10758.0
2008-06-03,1333905.0,403258.0,4047453.0,4367109.0,11173.0
2008-06-04,1523971.0,494679.0,3995201.0,4310729.0,9692.0
2008-06-05,1762400.0,571910.0,4479247.0,4833009.0,12582.0
2008-06-06,1928092.0,618951.0,4941424.0,5331704.0,13506.0
2008-06-07,2048664.0,632566.0,4930503.0,5319916.0,14116.0
2008-06-08,2061173.0,643740.0,4846011.0,5228747.0,13918.0
2008-06-09,2049691.0,648758.0,5440906.0,5870640.0,13368.0
2008-06-10,2002696.0,612691.0,5289730.0,5707522.0,12923.0
2008-06-11,1807370.0,542822.0,4776884.0,5154169.0,11957.0
2008-06-12,1799511.0,521551.0,4814215.0,5194442.0,11985.0
2008-06-13,1808359.0,549999.0,4818484.0,5199049.0,12551.0
2008-06-14,1815498.0,496411.0,4216678.0,4549702.0,12349.0
2008-06-15,1674184.0,507660.0,3963935.0,4276988.0,12423.0
2008-06-16,1618882.0,509133.0,4049636.0,4369458.0,11446.0
2008-06-17,1429947.0,445503.0,3968158.0,4281544.0,10697.0
2008-06-18,1245388.0,398609.0,3869296.0,4174872.0,10607.0
2008-06-19,1267117.0,415392.0,3810115.0,4111014.0,10870.0
2008-06-20,1316228.0,424537.0,3879838.0,4186242.0,10807.0
2008-06-21,1387411.0,460203.0,3866585.0,4171952.0,11658.0
2008-06-22,1433686.0,443667.0,3811310.0,4112307.0,11593.0
